,vsini60,vsini62,vsini64,vsini66,vsini68,vsini70,vsini72,vsini74,vsini76,vsini78,vsini80,vsini82,vsini84,vsini86,vsini88,vsini90,vsini92,vsini94,vsini96,vsini98,vsini100,vsini102,vsini104,vsini106,vsini108,vsini110,vsini112,vsini114,vsini116,vsini118,vsini120,vsini122,vsini124,vsini126,vsini128,vsini130,vsini132,vsini134,vsini136,vsini138,vsini140,vsini142,vsini144,vsini146,vsini148,vsini150,vsini152,vsini154,vsini156,vsini158,vsini160,vsini162,vsini164,vsini166,vsini168,vsini170,vsini172,vsini174,vsini176,vsini178,vsini180,vsini182,vsini184,vsini186,vsini188,vsini190,vsini192,vsini194,vsini196,vsini198,vsini200,vsini202,vsini204,vsini206,vsini208,vsini210,vsini212,vsini214,vsini216,vsini218,vsini220,vsini222,vsini224,vsini226,vsini228,vsini230,vsini232,vsini234,vsini236,vsini238,vsini240,vsini242,vsini244,vsini246,vsini248,vsini250,vsini252,vsini254,vsini256,vsini258,vsini260
T19000logg3.6,71.24108411306088,69.7698720509817,68.43979869155736,67.4927523189555,66.10950005529666,64.86020698011802,63.955101557155416,62.666566625924546,61.503155203864594,60.64708005770741,59.454759544617396,58.377878528987026,57.57424797648319,56.47581604714054,55.4830016203515,54.73250723648066,53.72329655624152,52.81025413996873,52.11181552678053,51.18604476159859,50.3476274673015,49.69915502015223,48.850698435221304,48.08154637157117,47.48047849682546,46.7033848141743,45.9983155470003,45.441966625669124,44.73065422761411,44.084802556739845,43.57051433581387,42.91981784206498,42.32864425118838,41.85382145493836,41.25891981708314,40.718157548325216,40.28025705812153,39.73663794815544,39.24229456220634,38.83885392155976,38.34234360533355,37.89071083243904,37.519372898163354,37.06612231089352,36.65378330421869,36.312322948321494,35.898842605297105,35.522715219564425,35.20909220236807,34.83230876251233,34.48968371788095,34.202087253916105,33.85932174027299,33.547814587705126,33.28463672031958,32.973484292264445,32.69091969253589,32.45067021592767,32.16886629541833,31.913169704905954,31.694395830738785,31.43973442614617,31.208876272861392,31.010120428845347,30.780437099862926,30.572436063436776,30.3922439567669,30.185457440342887,29.998411240639193,29.835361617104994,29.649498108986528,29.481597580203594,29.334328900572647,29.167527223757737,29.017051979963387,28.884256839350837,28.7347337056259,28.600034946231,28.48040332415409,28.346403760426405,28.22589285352474,28.118061522680698,27.99784031164188,27.889981045953153,27.79252436916954,27.684356968880714,27.587610433926116,27.49912880628539,27.401339955668814,27.314174131169267,27.233338240666264,27.144336680425187,27.065280295312142,26.990823151879983,26.909109797147433,26.836752613896657,26.767487278631314,26.69165674170926,26.624673507865193,26.55947663804779,26.48822147649236
T20000logg3.6,60.69317249834556,59.34883785290491,58.137959792406626,57.27719515175686,56.02325221706131,54.894975632026785,54.079012013898996,52.92044150613999,51.878310926454255,51.11298771583613,50.04979958559743,49.0931391901353,48.38075188605435,47.40933774874219,46.53451361991386,45.8747208828145,44.98925042610138,44.190900581551304,43.58165104906942,42.7752954854698,42.04736238234641,41.48571463725538,40.75154706743119,40.087998521038735,39.570729265186756,38.90227124240847,38.297507819094506,37.821482158127,37.21291925730539,36.6619135565028,36.22423414800646,35.67039984500856,35.16865317649524,34.76665949332031,34.26290271830359,33.80632975599865,33.43753633658218,32.97962118049168,32.56448244805799,32.22655028978937,31.810602144543708,31.433472191911545,31.124205566486843,30.74671207343362,30.40448609470226,30.121856611966834,29.77967768170844,29.4695875818237,29.21176329915494,28.902148175430955,28.62177177980203,28.38713600295812,28.107691635514424,27.854896803435373,27.642012026729333,27.390581115981885,27.163413959129162,26.970939176162474,26.74548790769145,26.542085054984234,26.36871284203954,26.1672566927753,25.985796541681164,25.83021786621735,25.650825380878544,25.489541853615766,25.350461475211706,25.191280317538617,25.048479946312735,24.924636596147,24.783915832633415,24.65798504120116,24.54817580002257,24.424258944767793,24.313669746960304,24.216718345971593,24.108011169040793,24.011294307230273,23.926022353860546,23.830955942526952,23.74671182504835,23.671875820978578,23.58889013111236,23.51574246430336,23.450073532587318,23.37763355054209,23.314187305293828,23.256461218104747,23.193075975078838,23.13795037841347,23.086988877287055,23.03123112171858,22.983079445724947,22.93776635285509,22.88828576281951,22.845848560611124,22.80509322477476,22.760617417405996,22.722915969673497,22.68547341751024,22.644819057847517
T20000logg3.8,65.0397942308598,63.75445916841839,62.59236254451528,61.76299082475259,60.55141815183211,59.45718023649901,58.662456263493354,57.531180742791875,56.5098844675211,55.756451801012325,54.70752430051134,53.76039469697888,53.051711722972065,52.08375390108313,51.20917901997329,50.546242855245396,49.65565476233918,48.850260696007275,48.23240131715501,47.41439819153668,46.67390536380883,46.09945680660127,45.348838844988364,44.66870127367307,44.135528971281644,43.44720637294256,42.82300155338231,42.32884361613749,41.69805255307944,41.125636391238345,40.66825926738484,40.09060687845708,39.56613748908302,39.14337986540598,38.614794051723976,38.13467508873206,37.74442871644522,37.26109069160418,36.821941335813165,36.462148919093416,36.020497767831834,35.61915508086079,35.2878288466591,34.88456934147127,34.51811436775808,34.213375269902656,33.84552088916007,33.511317058828936,33.23143841593069,32.89634666644952,32.59206790938626,32.335510950292374,32.030872788311456,31.75446434275927,31.519854768131538,31.243588035414966,30.993156918455178,30.779203421853822,30.52931799581689,30.303039615523303,30.108465732080465,29.883012527154847,29.67909471018357,29.502614999405722,29.299677574621576,29.11636439094757,28.95669119634003,28.77441835751374,28.610016266268474,28.465887046648007,28.302517042026516,28.15540107778189,28.025598261724152,27.87945252983634,27.74807464093528,27.631401066981702,27.50085678479369,27.383733447739033,27.27896919034148,27.16241697117995,27.05812728167617,26.96397274389475,26.859803759956982,26.766916176649513,26.682065788828133,26.58868439850145,26.50573510851561,26.428919285561,26.344769631056433,26.27031418649183,26.2003087115856,26.123908050841912,26.056522297287696,25.992194224445463,25.922153056603285,25.8606474748256,25.80077852010709,25.735808637736664,25.679222191154977,25.622527563890547,25.561441876693937
T21000logg3.6,61.541766943991625,60.11867952398859,58.841354330825,57.929522731006486,56.60876370180017,55.424748721572854,54.564747439808436,53.35104215399491,52.26348665954561,51.461226750385464,50.35370708847021,49.36101290396246,48.61837169945465,47.61206953274193,46.70928497861542,46.025117275710585,45.11256402139075,44.29283248747774,43.66407517086523,42.83676402741582,42.092537519030714,41.51518781166253,40.76465436843813,40.08856824982583,39.558429882085456,38.87691723042203,38.262295068200345,37.77543859189489,37.15615544944317,36.59716218473919,36.150094621108735,35.587179995231715,35.078753806303396,34.66840064337573,34.156747769068616,33.6944392705315,33.318049505636544,32.85312007733689,32.4329506892747,32.08801194814469,31.665744225926815,31.284144044016152,30.96836027738155,30.585128247926924,30.238903618758904,29.95018891728504,29.602780792326612,29.289110285276024,29.025603514382944,28.711225786432927,28.427654653257374,28.187727665460855,27.903956952237053,27.648332552013006,27.43054550685554,27.175205492953122,26.945560291958056,26.748572510459162,26.51961251554789,26.314071804467122,26.136575107855787,25.931996880833285,25.748723981834292,25.589402188654645,25.40724886816193,25.244447194950265,25.101989775151807,24.940378821052057,24.796317329610723,24.669449054506643,24.526594943848046,24.399639550244622,24.28711139271467,24.161320461370618,24.049943570230194,23.950515353308692,23.840161424184686,23.74294497375391,23.655325167940966,23.558803776626043,23.474301821648748,23.39722654707984,23.312943115106712,23.239662419368166,23.171913574762694,23.09830007072899,23.034707523263044,22.97513603616831,22.910676851983602,22.855549729893,22.802775376725545,22.74602976650402,22.698228156937923,22.650897558645795,22.600510052874036,22.558748118122402,22.51578277807932,22.47048110756185,22.43346614096631,22.393930729320708,22.35253709214345
T21000logg3.8,62.11694383764238,60.789925677638315,59.596502874328536,58.74210701297608,57.503406243660805,56.3907254790407,55.58000663401826,54.434910610144264,53.40676590750496,52.645770505475504,51.59454798066127,50.65045170972536,49.94161521205454,48.98079857317917,48.117210662523945,47.46024295949863,46.58404272521922,45.795614311321366,45.188441366493265,44.3899937925927,43.67062869858481,43.110242826934346,42.38256772196885,41.72618758923308,41.20929638763759,40.545878034667865,39.946860868210024,39.470283684659364,38.86530631043669,38.318648385709,37.87948623078694,37.32785159475992,36.829135995469024,36.42477597161705,35.92195531709879,35.46721927817298,35.09525804420501,34.63715024302512,34.222788369352735,33.88098131626342,33.46385718418892,33.08658025514263,32.77283036979246,32.39331188126218,32.0501376710983,31.762506644112232,31.41757285934239,31.105845235269165,30.842587341063904,30.529596041121867,30.246988393662924,30.006562564130935,29.723205586162386,29.467666854434185,29.24870183969331,28.992903043606812,28.762552974044812,28.563766730646414,28.333554167956684,28.12658422811611,27.946711406988154,27.740154709783774,27.55478825228939,27.39255801325804,27.20776768202833,27.042263563557533,26.89641714944913,26.731579044028404,26.584281500887464,26.453574539773292,26.30696271720661,26.176312677487534,26.05951166179296,25.929482074540815,25.814071677087604,25.709895415874076,25.594865940391877,25.493287787264613,25.400503812258574,25.298911617930575,25.209700637581303,25.127130308685448,25.037419310355915,24.95904972183122,24.885567527545014,24.80620638824963,24.737295059487916,24.671659052787916,24.601164192490998,24.540644482407885,24.48136644523187,24.418324058574097,24.364935200204336,24.310825681075983,24.253906824397998,24.206321732440045,24.156389178186682,24.104350790337424,24.061341794082445,24.014635337371082,23.966328026001392
T22000logg3.6,57.10966216482045,55.729116297702134,54.49412493699175,53.6086640890632,52.33443940387717,51.19619631907506,50.3657770440312,49.20189257892788,48.16287059489565,47.392988785707104,46.33777606222456,45.39558195472292,44.68753805288555,43.73504676305659,42.883788970528016,42.23569147568614,41.37735537366926,40.60914971170583,40.01708288957156,39.2432843090309,38.549592965527225,38.008709716485896,37.31001400431764,36.682651557771365,36.188039065436065,35.555966885775305,34.987671563769666,34.53487409123642,33.96219509731077,33.44680308540246,33.03201196233148,32.51268686992499,32.04502934752673,31.665037075709872,31.19396318168448,30.769631109147387,30.421677818771215,29.99445445375129,29.60961768459826,29.291274488547206,28.904044641328085,28.555332439569362,28.264433660238076,27.913801778108663,27.598232297743294,27.332837736193756,27.01581412176724,26.730765350545347,26.4891551463165,26.203150253815323,25.946347926760442,25.727023891651474,25.469791839040134,25.23924125056155,25.040878335298082,24.810405157312854,24.604286468676587,24.42565265000717,24.22003393667032,24.036601998956336,23.876483915807547,23.693856485360033,23.53138825742427,23.38856713914961,23.227101314515636,23.08391678100967,22.95715754544915,22.815080473057343,22.689563376837196,22.577639517001057,22.45325666046758,22.343916200338597,22.24557543164901,22.137273979479282,22.04270341837308,21.956708768151643,21.86293546931669,21.781696034107256,21.70689101941731,21.626110916303897,21.556690810157157,21.491984005646845,21.42266857272262,21.363703909910225,21.307849366694395,21.248493983624243,21.198867131199755,21.150399940705928,21.09954944027333,21.057917761706715,21.015669676098277,20.971942833793847,20.936909444230505,20.89988014625894,20.86198212448083,20.832354925592444,20.79946982917117,20.76618767908481,20.740902573217923,20.711092035704873,20.68130356689175
T22000logg3.8,57.04439146508839,55.76249540558736,54.61294652487301,53.79002059103246,52.600177936210834,51.534568248286874,50.758296321441506,49.664977646364534,48.68635289224076,47.96225511508177,46.96488886930227,46.07196300458799,45.40186218879147,44.49605548399015,43.68440498713686,43.06729486272171,42.24626690266912,41.50963412443293,40.94267995338051,40.19861506856382,39.53005730376259,39.00952515136724,38.33462328183987,37.72736681322958,37.24935502617678,36.63649435065804,36.084425000157154,35.64530745713428,35.08831355836237,34.58615459220591,34.18276736676049,33.6763837748109,33.219614052407394,32.849217617092584,32.38890269490333,31.973578875560477,31.633748260048378,31.215492979602395,30.838108075181225,30.526645403368832,30.146865843095455,29.804274092768974,29.51917068337193,29.174666168903137,28.864053724636417,28.603486313188707,28.29142051220871,28.01029819089565,27.772638529088997,27.490543655590777,27.2367443777869,27.020568283141245,26.76629734677203,26.53790941081295,26.341946056951958,26.11356075908666,25.90882902662999,25.731888169965007,25.52755167440152,25.344791191369062,25.185701001732724,25.003613787263923,24.84116094117727,24.698742694299366,24.537135053579323,24.3933613471107,24.26642939378101,24.12359218384706,23.996939210348778,23.884314545007292,23.758618458856095,23.64764376585548,23.548131345553905,23.438022565679578,23.341383808818595,23.25377450372836,23.157748847721884,23.07406604317202,22.99722462074389,22.913793907928884,22.84162624303442,22.77447258809288,22.70215624436556,22.64008932230161,22.581510674847937,22.51885027537225,22.46582254844467,22.414376964428715,22.35995773003975,22.314743088801702,22.269213163707054,22.221686389125296,22.18295418834389,22.142333775474896,22.10043419363933,22.066925694549244,22.03025831762524,21.99279961055207,21.963482936228203,21.92971863736664,21.895608780569056
T23000logg3.6,55.13750673437603,53.757635113581536,52.5283572990405,51.639501466249584,50.369976300561376,49.24092493764904,48.40989233958766,47.25457039029901,46.227993857435926,45.460306505056664,44.41711288577172,43.49017409346632,42.78690591598308,41.84925862871493,41.01544894364933,40.37427417530088,39.5328145888395,38.78351571336898,38.19993851078817,37.44419744285948,36.77012085925534,36.238670503431784,35.558429049387435,34.95072044529628,34.46591460333569,33.85206540828237,33.30296013716724,32.85990834337471,32.304796728997935,31.807804766668426,31.402410253280237,30.899760435615974,30.449549373012637,30.07845225342024,29.62308268429636,29.215204379126007,28.875595244592574,28.46311579007942,28.093777336552428,27.7832446646022,27.409871076838805,27.07577599203064,26.792202215371347,26.454624448463395,26.15287992459899,25.89439009178046,25.58971593963752,25.317794038691947,25.08274166274971,24.808468523792847,24.564172404238015,24.351123404756482,24.105077787065802,23.886478074495596,23.694167875168723,23.47439942838086,23.279727012112314,23.10698453910808,22.91165227027415,22.73922737815355,22.584880558468154,22.412177940146037,22.260380129169068,22.12319501147208,21.971330264034467,21.838639350550412,21.717275240127904,21.584502646449444,21.46934450862544,21.362568731400142,21.247211182861392,21.147940473080983,21.054670807379274,20.955119476386045,20.870381683259346,20.78932463015232,20.704024150892106,20.63260883321289,20.562368465396208,20.48978278394867,20.430126707311807,20.369651245891927,20.308256314428558,20.258832492449304,20.20703955062038,20.15534318248455,20.11495894244952,20.070466335235526,20.02702789832268,19.99420651808382,19.955994897888687,19.919455617799834,19.892820800442777,19.85989622621564,19.828985586618074,19.807272904533242,19.778660862347877,19.752191509768288,19.734251557169177,19.70900235104896,19.685880887210914
T23000logg3.8,54.45109154509167,53.178128391836985,52.04092008045836,51.22174385575363,50.04499663611563,48.9953567651354,48.22573165123134,47.14933180001017,46.189923605585314,45.47523684998976,44.498077303025184,43.62707583260876,42.96883235769382,42.08580778886619,41.29810216684611,40.69480382528018,39.89828781459926,39.18683643728286,38.635036909210186,37.9163333776128,37.27340919637502,36.76873707070077,36.119252776068876,35.53739933269786,35.07538276497124,34.48736545677122,33.95995064736339,33.536522149063224,33.0033492326601,32.52473778100303,32.136419587313924,31.65256733298551,31.218048273631773,30.861927638913187,30.42276022512955,30.028338236239648,29.70192978173112,29.303455251569428,28.94565899910755,28.646775766830487,28.28549069272998,27.961262182125946,27.68795309716853,27.360770358175756,27.06740426664397,26.81792315706656,26.52212125486836,26.25723176052059,26.03002572582311,25.763233990489454,25.5247413733332,25.318451639981674,25.078607804517095,24.86467970780587,24.67809941963512,24.463349422288964,24.272307917258175,24.10432146558733,23.912916230284768,23.743150045703345,23.592651957568542,23.422866587164652,23.272795110193613,23.13864501808088,22.988777926246264,22.856906606861067,22.737887294058485,22.606284391066726,22.491199022614204,22.386065152912316,22.271133392999065,22.17136838875247,22.078997488440372,21.97920688746326,21.893242637440594,21.812634070676197,21.726498682914553,21.653044706539706,21.58299945913193,21.509049434226846,21.447030514808198,21.38612275928335,21.322895460658987,21.2709165708816,21.218032920435622,21.164087178879587,21.12065545883878,21.0748063542573,21.028751822645088,20.992715097216017,20.952646925783185,20.913168024484634,20.88325607549971,20.84794618725793,20.813810948551115,20.788743258644296,20.757309667217683,20.727371049060917,20.705996415965416,20.677569132384583,20.650772176884082
T24000logg3.6,50.763712374373654,49.46432660178673,48.30825645046474,47.47121378789533,46.27911115248655,45.22039025865501,44.44009929946409,43.35857734746767,42.39900715770226,41.68051662432434,40.70722616319183,39.843760063839156,39.18784645381343,38.3161119478495,37.54216264166845,36.94630174941088,36.166759169548754,35.47370256165914,34.933262032411236,34.23548570789136,33.61408009981352,33.12350761016292,32.49738150541333,31.938869665223173,31.49265676997276,30.929218427998542,30.425960563188777,30.01922600768453,29.51097972148403,29.056634451557976,28.68532495895417,28.226188812014893,27.815601870556684,27.476439102301452,27.06145125212637,26.690379267605763,26.38066902915999,26.005683219620682,25.67055104679997,25.38801525237932,25.049484728548368,24.74721007894562,24.489870802547514,24.184719508942468,23.91261667594932,23.67873830229459,23.40428492598415,23.16000798576253,22.948067112571113,22.701989069709814,22.483501764003528,22.292174000703668,22.072452420842822,21.87796016863676,21.706076700461214,21.510905127395755,21.338775327234046,21.18525336223215,21.012928151273815,20.86160453417749,20.72535648738288,20.574199219515258,20.442205683924474,20.322059011355933,20.19040558927768,20.076299259751615,19.97103596769722,19.8572540134385,19.759488516572635,19.668024312281993,19.570536891895912,19.487659683069168,19.408880531076317,19.326173387409458,19.25708929981412,19.18958855099212,19.120187439476492,19.063482715803534,19.006194435999728,18.948640390011565,18.902767055102267,18.85475136182565,18.80759301453041,18.77140940645189,18.73131415900547,18.693128120779654,18.665231280326946,18.631997005431003,18.601410207622283,18.580385040083964,18.55304425786434,18.528763964134665,18.513295267259167,18.49090650722674,18.47172876591117,18.460654933768787,18.442254467277888,18.4270579662364,18.41926395258576,18.40398245739856,18.391738508058157
T24000logg3.8,51.39244275921195,50.15402291493845,49.05045087736383,48.25158399027015,47.11076479083076,46.0959020531899,45.348023570191145,44.30852183308764,43.38465085998682,42.69290625408476,41.7532112264126,40.91810684895828,40.283693067936596,39.43824270051496,38.68636580711021,38.107415228748394,37.34809996865668,36.67195054081158,36.14459599186597,35.46221889031828,34.85362965241413,34.37308365312553,33.75861090048991,33.20975676710658,32.771188663809035,32.21654057662998,31.720525857460654,31.319600526273806,30.817968463881982,30.369024871846705,30.002110852926254,29.54791259463056,29.14129494419212,28.80541212833765,28.39402993186176,28.02578032529075,27.718440610316122,27.345967917060896,27.012707490131433,26.7317732897276,26.394831374282717,26.093618462612802,25.837211349794853,25.53283967195396,25.261085565181865,25.027535404575445,24.753140312904343,24.508574483402903,24.29640952044657,24.049736180917225,23.83037918552244,23.6383136757129,23.41739895973759,23.221500343333823,23.048399037333834,22.851478192298963,22.677443154476308,22.522240687683226,22.347645328549287,22.193955404946855,22.055583414927916,21.901672677755275,21.76691218458389,21.64419968496713,21.509353188897215,21.392110336005622,21.28388291044827,21.16651542461844,21.065261205035767,20.97049446600607,20.86907244012511,20.782407601699923,20.700001132481194,20.6130469503992,20.53993510144995,20.468481874126695,20.394554685205463,20.333618580622723,20.27207064830302,20.209741160162263,20.159452770779332,20.106898741003505,20.05474383864359,20.013979639720823,19.969097169762694,19.92571970353735,19.8930659081783,19.85485077606501,19.81890317019697,19.792967496249183,19.76046869208652,19.730676702165347,19.71016886847955,19.682449363553207,19.657624079100948,19.641387668416986,19.617507590711718,19.596543572661567,19.58346732984076,19.562581736266097,19.544466005334712
T25000logg3.6,47.50135809501729,46.25140696068429,45.13939023498129,44.33401481980418,43.18743435304795,42.16927120825585,41.41865394767099,40.37871107917459,39.456189340662775,38.76522642176414,37.82969060744394,36.99991280654175,36.36938497255478,35.531908662202675,34.78862125846555,34.216178638898825,33.467879912409856,32.80290756498873,32.2842029063626,31.61518992893462,31.019761537711222,30.549559039009615,29.950205743472523,29.41598097713503,28.989054628399472,28.450776334680953,27.970419284246507,27.582087853184397,27.097647294599142,26.665022257979373,26.31136077548928,25.874840852418124,25.48492219195319,25.162725897668874,24.769271060022565,24.417906609774814,24.12453038479334,23.77008490068378,23.45377915444515,23.186989965618682,22.868095723738122,22.583844473937702,22.341710738412225,22.0553695486415,21.800553461504983,21.58137821343457,21.324974998075362,21.097305412022838,20.899598264697456,20.67086259014961,20.46834729116101,20.290810038579735,20.087772616277867,19.90865935341929,19.750155711005014,19.571060172630943,19.413765705121975,19.27323093775588,19.116417857555632,18.979441794599964,18.855799290556874,18.71962851552253,18.60154722451529,18.493622170697414,18.376456843026943,18.275789935838876,18.182438573656416,18.082668421592597,17.99786093033215,17.918032567253146,17.834095281945963,17.76378457330391,17.696287245452943,17.626676242572465,17.56975213345079,17.513201503488997,17.456452429871785,17.411440731197377,17.364840720609358,17.319500339661374,17.28494111120894,17.247266271798544,17.211890901444175,17.186636609075187,17.156549300633397,17.129723758943204,17.112315632141378,17.0888260275505,17.069193193490833,17.058235115519977,17.040384358157517,17.026672933995748,17.020919385139837,17.00773629582119,16.998772628004524,16.997064498395094,16.987639242430735,16.982337499768704,16.983588058620207,16.977084394589454,16.974453180232864
T25000logg3.8,48.317302102066705,47.12007067600756,46.05445396773865,45.28103081208121,44.1804399767373,43.202600233171765,42.4800532102886,41.47949312445577,40.59143427066006,39.92466116348198,39.02239167135603,38.22169675801941,37.61170026123487,36.802022250204814,36.08302744337481,35.527785243064805,34.80248758270069,34.157606539055706,33.6531231391745,33.00294690204987,32.423965582383964,31.965357416997712,31.381266042438895,30.86036314084452,30.442748175500814,29.91669173511901,29.44700157394776,29.066020726081923,28.59124391194691,28.167052928378805,27.819077994895927,27.39007846079366,27.00671560146248,26.68879128113541,26.301054322569335,25.954654777251385,25.664338440314328,25.314069109994154,25.001359821281635,24.73657582975433,24.420518988789613,24.138665978908648,23.897601380251604,23.61291429063444,23.35943281337839,23.140486286902647,22.884680040409016,22.65739204366248,22.45915160498763,22.230066092804794,22.027073950279608,21.848312400735544,21.644067387040238,21.463690079524703,21.303320632751067,21.122218045804104,20.962928597793812,20.81992029090624,20.660360037788905,20.52073798078808,20.394026936482227,20.254429127707823,20.13312515136368,20.021563713394478,19.90036333835141,19.79592716395129,19.698464863138994,19.594128568496437,19.505071224641416,19.42071972461627,19.331759586847102,19.256961095117145,19.18440749102639,19.10938310332321,19.04762757443947,18.985701764157007,18.923208669266284,18.872965043395435,18.82082849147729,18.769472550696648,18.72958466279693,18.686007880520194,18.644400416002284,18.6135479886061,18.577457653977078,18.544236897309585,18.520998393454907,18.491454734227446,18.465307705656556,18.448344899572064,18.424398266999695,18.404085486455255,18.392187508901333,18.372878194643658,18.357246083091876,18.349237751681777,18.333701927772402,18.321679134952216,18.31652175451529,18.303899534746154,18.29450859419938
T26000logg3.6,44.806562976915934,43.5713699101448,42.47363180570206,41.673183685448976,40.54004995791683,39.53496636994598,38.78867416531318,37.76090607106802,36.85030792419031,36.163129813063314,35.23860638384619,34.4197087429802,33.79252364210666,32.96508048832666,32.231831576606865,31.662444305082495,30.923484884686175,30.26798557232397,29.75225191881521,29.092204727069685,28.505972822066163,28.038864483084915,27.448395792068645,26.923344755255016,26.499816789395226,25.97057736440219,25.4995677970306,25.115078901052243,24.63998464629463,24.21700099451808,23.867709522084184,23.440914165206383,23.06097839264868,22.743704339342802,22.360360319623258,22.019319873466795,21.731405380554865,21.387432759280966,21.08176884583176,20.820950948746756,20.512856206378505,20.23953170750227,20.003841945166165,19.728584861485718,19.484943070302855,19.272644243857748,19.02756658014525,18.811280000258044,18.62084622327306,18.403644022985173,18.21268206442929,18.042791310722436,17.85146239254317,17.684056051390574,17.533527990320945,17.366279243396487,17.220864138436617,17.088549534938917,16.943685698216015,16.818804288970576,16.70351643659139,16.579364262868282,16.4734558120147,16.374090152340937,16.268980603358727,16.180445428796553,16.095912502923454,16.00820475739618,15.935834858070237,15.864675907930867,15.792775509116886,15.735070312669672,15.676165475777589,15.618531732975821,15.573855738829852,15.526278625967139,15.481414959436064,15.448563768725794,15.410982904636946,15.377409261763422,15.354832363860773,15.326254119691392,15.302500492438039,15.288644000215907,15.268077513991777,15.252709660995617,15.246146617888382,15.232523860406548,15.224171040722325,15.223524883193585,15.215832884522797,15.213219179915278,15.217239485250731,15.214493953087226,15.216446815121111,15.224012173277341,15.225260943222072,15.230704304724238,15.240898803920528,15.245143616383,15.253099164437131
T26000logg3.8,47.79092248464687,46.58815204062304,45.51998560631402,44.73066387740911,43.622343294070525,42.64004202256267,41.90029822556503,40.89035268153634,39.99635466501084,39.31155263027176,38.39872342396742,37.59103247841886,36.96258371016359,36.141639533576544,35.41502880110663,34.84129017648915,34.10451935688229,33.4518857523438,32.929245437713725,32.26790340612571,31.68149427186222,31.205412899578967,30.610876057289822,30.08322307912414,29.649071825534996,29.11357350622214,28.63805054981849,28.24163889148385,27.75857794043476,27.32959588862741,26.967378572251384,26.531305537312377,26.144237159333585,25.813282311924265,25.419668417563734,25.07063696599262,24.76848085928406,24.41348181594097,24.099173994852823,23.823697710638868,23.5039928499088,23.221521818149846,22.97086134613827,22.683531902851957,22.43034317704807,22.202843248819086,21.945322639274025,21.719186113609624,21.513364498085036,21.28341555738048,21.082480338161833,20.896935771752187,20.692602220195603,20.515288597632857,20.348723096255046,20.168248680124776,20.012868396575364,19.864313908711953,19.70603590076947,19.571348717263913,19.43945417890886,19.301730595631888,19.186253264251917,19.06988681789336,18.95108331408113,18.85297730896412,18.751344536464845,18.649857392788874,18.5678063925975,18.479614248626767,18.393887681208472,18.32597027919386,18.250579058018815,18.179110795823902,18.123571238668468,18.060233717246668,18.00156564950269,17.956751458531812,17.90464072598194,17.857328658805596,17.821789745031815,17.77986328275872,17.742476030565562,17.715144958176303,17.681975457445503,17.65311135666775,17.633011496845157,17.607119904856262,17.585437871213465,17.571413240042226,17.551597471012144,17.535841805852034,17.52676736120099,17.511928817080285,17.500934531035714,17.495749250723332,17.484867137776646,17.477556092743292,17.47525835872704,17.46739966251912,17.46278697254226
T27000logg3.6,37.554596494014284,36.54233487464747,35.56527851566703,34.62370195261484,33.71724068867043,32.845443872915155,32.00778535465816,31.203675313542703,30.432490570046753,29.6935944860386,28.98640072991485,28.31050479687535,27.666069827474978,27.05620400543825,26.4831495994456,25.914447249278467,25.34921008696723,24.807901399194957,24.289662729250367,23.793364889193587,23.317932726108662,22.86234625586831,22.425670763688487,22.007054546859944,21.605763695656954,21.22120520601635,20.85304002867251,20.50159885531029,20.17010970349865,19.84968302747813,19.5304506854816,19.21879179948691,18.9194144895338,18.6320573189116,18.35631593505935,18.09181044493017,17.838186463579795,17.59511312816272,17.362294169423567,17.139478428475176,16.926497125880367,16.72336772042668,16.531529378797252,16.347691063718386,16.169856607289837,15.995448342683105,15.827601696653645,15.667455836381459,15.514899333535903,15.369724160576492,15.231727581858411,15.100720137610903,14.976522719360794,14.858974705405721,14.747945190201186,14.643352484490501,14.545605364673444,14.455037758549942,14.367444090820788,14.28334544164006,14.204720115621795,14.130832942438161,14.062036567679437,13.998273308651036,13.939404671031099,13.885295150893793,13.835813111786162,13.790830903381387,13.750228672291865,13.713889956205785,13.681892931925479,13.654608386711743,13.630261063650186,13.608116213430058,13.588798214934299,13.573786983303178,13.562050177099167,13.553414233443691,13.5478226521656,13.545132406818558,13.545203617953314,13.547900528258356,13.553088544727235,13.560628647203027,13.57046221728342,13.58287944413377,13.597254158211896,13.612082279952823,13.628249676782222,13.64615390573033,13.66632712294798,13.68794128337376,13.71076028955782,13.734722905244531,13.759724099096319,13.78565820828021,13.812422635772828,13.839911776035633,13.868046851130824,13.897049829964914,13.926683197943229
T27000logg3.8,44.30872715398617,43.13045080994928,42.084747571989766,41.30975149941561,40.22448136226828,39.26334237360673,38.53728383317308,37.54889047881218,36.674710020413734,36.00289218450494,35.11015890458043,34.32100653818034,33.704869374948146,32.90272760747909,32.19354644798257,31.631559823722704,30.912539781384712,30.276442883467848,29.76514461566726,29.12074826770928,28.550206419044084,28.085218101395434,27.507062672421284,26.99481808859902,26.571664676363106,26.052185133846265,25.591774783787358,25.20638112536654,24.73911148539752,24.325050404783894,23.973941255830656,23.553509081715575,23.18122525060317,22.861499516991643,22.483403826144276,22.1490392551748,21.858235031515022,21.518635153227653,21.218874195365238,20.954854232126568,20.650407555768787,20.38234391567589,20.14321927762726,19.870996945605757,19.632072880934427,19.41616107570398,19.17358214030918,18.961570282366743,18.76734794636981,18.552161089611165,18.365250097884207,18.19124481861556,18.001480221377577,17.83798662538257,17.682968691980733,17.516853974378137,17.375103848882784,17.238054947741134,17.09390712827466,16.97282118038673,16.852186724893784,16.72834972403154,16.625925153312227,16.521063506708536,16.415892716280617,16.330763331175113,16.240384150960523,16.15226936221921,16.08254437217837,16.005908790784456,15.933287002060197,15.877055183627496,15.813493154401314,15.754857524535037,15.71039053680361,15.659111646897461,15.613001609644382,15.578820634681167,15.538813065576223,15.503785161782552,15.478788232933123,15.448655596442013,15.423279725808829,15.406461664931506,15.384710604246003,15.367590797302594,15.357787347773904,15.343129994542865,15.332931480689236,15.328965982764023,15.320223150705836,15.315697549522909,15.316450248182392,15.312528746302846,15.31252456733181,15.3169332849501,15.316832216342668,15.320286854829146,15.327352112176051,15.33015836488966,15.336103573821852
T28000logg3.6,41.5382507737519,40.26547022113136,39.13371797856746,38.29873397949673,37.12328639012573,36.08019483020592,35.2960279223691,34.22260759700217,33.27125357822673,32.5438953125139,31.571794271205984,30.710688086280562,30.042105808767506,29.16659872774288,28.390994032176117,27.780100146338548,26.993976343041417,26.297224965046546,25.740949504984826,25.03591557062228,24.41065328205064,23.904938521623677,23.27269585267298,22.711715261443018,22.252295968223404,21.685233442852848,21.18199822689073,20.764887599844585,20.25636892460433,19.805204733905974,19.426896755715205,18.971250247900915,18.567290630996165,18.224744828602844,17.817089698982546,17.456114673130873,17.146653457845275,16.782720199885144,16.461019613249835,16.182249251904306,15.85827289572112,15.57255816843389,15.322323325772714,15.034957993186058,14.782288201377433,14.558643068165306,14.304918368466382,14.082685396106346,13.883877244926916,13.661174483154745,13.467103702398248,13.291537781068739,13.097536211886386,12.929668958698999,12.775818223582302,12.608398361094846,12.46485032707152,12.331335661917839,12.188474435961288,12.067312871292982,11.952871185478026,11.832583827469906,11.73235083283791,11.63525025563703,11.535588838309632,11.454196293844554,11.373369043018656,11.292457091389833,11.228133932559842,11.162282503718743,11.09832665776708,11.049245608502865,10.997235704754917,10.948529284461127,10.912790838745247,10.873670845572152,10.83857667816985,10.814474507044903,10.787163159452897,10.764075501169149,10.75000220109714,10.733334422508266,10.720674799612068,10.715159181468959,10.707858120411316,10.704089047993122,10.705992311459571,10.706502491055353,10.71015238144202,10.718370760248146,10.725207910406267,10.734901942876384,10.748256214099088,10.760173283192177,10.774650177919751,10.792028413746904,10.807894967578603,10.826005946153279,10.846371453533386,10.865172529807264,10.885887648248193
T28000logg3.8,40.97312670087177,39.84417859452016,38.84094072849321,38.10164733437989,37.06116180087077,36.138399502667205,35.44550442471206,34.497254205326875,33.65735132780766,33.01593794035132,32.158890921533214,31.40015074624585,30.8116861733726,30.041219833701014,29.359026272902376,28.822224917213784,28.13147784111736,27.519502653696833,27.031284998586518,26.412422918516107,25.86371617424414,25.42013206434889,24.865391137024012,24.37322268590407,23.970200658994294,23.47253092040141,23.03086322030931,22.6646570976211,22.217986582410642,21.8216438272185,21.489014122062105,21.08822068916666,20.7328268345886,20.431019994549878,20.07177076993578,19.753594484681777,19.48024092617054,19.15879177881253,18.87458533506265,18.62759329071159,18.340661673743448,18.087563592212994,17.865065024892683,17.609753932246118,17.385225279744205,17.185554339723808,16.959313455196074,16.761120052615045,16.582794227920118,16.383395439587993,16.209610845541526,16.051295022782014,15.876788666069247,15.725791420138897,15.586211051605527,15.434839988340073,15.305069814619083,15.183104240739738,15.053200691858287,14.943047468972756,14.837689937760477,14.727611544727957,14.635962029236326,14.545699222656268,14.453819627349716,14.379004960238543,14.302875831827173,14.227603149346663,14.168031586625307,14.10502805083933,14.044821708347408,13.999031292010011,13.94807508406663,13.901453346871769,13.867722255484335,13.828057996311472,13.793584221272031,13.770357967639917,13.74109323792268,13.717348445875146,13.70313197517918,13.683307239701882,13.668885977647088,13.66227273925089,13.650846331438455,13.644378790458617,13.64424778348857,13.63993993223091,13.640116357581618,13.64556202133728,13.646975395665866,13.652572995322757,13.662575739820054,13.668567527195098,13.678457710847614,13.69200738282489,13.701575405108718,13.714721289589473,13.73087453736233,13.743103490226828,13.758563036662848
T29000logg3.6,40.68947938347931,39.4081399728736,38.26891116078816,37.42225941054419,36.235171503879556,35.18186769254683,34.38384661140639,33.29608348524469,32.33216565867855,31.589090575833595,30.600493600871296,29.725005065993898,29.039287172143197,28.145823487092965,27.354681941193704,26.725791891169578,25.92103759991318,25.208320362686468,24.63380333196166,23.910261361937668,23.269322391303213,22.745737015564337,22.095837242064533,21.520083490047522,21.043695236419865,20.46036290607101,19.943691516693583,19.510895707176672,18.987815520717266,18.52479808420712,18.132312710815665,17.66394806380795,17.249796535478794,16.894658312774276,16.476101172936023,16.106551016103317,15.786052612575679,15.412915203548748,15.08413765450256,14.795787132650716,14.464132812044902,14.172679721944142,13.914195931303418,13.620506275670282,13.363306684962044,13.132597006314828,12.873738861243126,12.648113335411427,12.44323080230635,12.216440114768094,12.020090052512106,11.839232237026003,11.642066669269491,11.472765918151406,11.31447937462588,11.144718193691975,11.000567695416224,10.863326382919855,10.718861618708187,10.597921122202951,10.48031715392361,10.359072472802442,10.259123656492005,10.160019430531248,10.059954810462695,9.978959565760489,9.897074489241177,9.81622189344605,9.751943510475417,9.686281847349068,9.622762513909842,9.573212063639243,9.522654493365554,9.474689215123854,9.438188609792622,9.401433609053663,9.367323984633007,9.342551576180831,9.318027115014168,9.296121852655732,9.28186374917339,9.267928294335944,9.256612123944281,9.251521683906788,9.246705664042647,9.24441855949324,9.2471417297521,9.250061853840394,9.255320101365434,9.264540558336067,9.273897370454133,9.285322970247874,9.299783339510093,9.31439788125071,9.33073469853207,9.349269532388774,9.36806612675948,9.388173077297512,9.409732129994032,9.431714526178363,9.454568292434391
T29000logg3.8,41.040328380872985,39.84900185281113,38.79067536202389,38.003109346259045,36.901085786307384,35.92413812882234,35.18287503299077,34.174681201734515,33.28211568703675,32.59291209584994,31.67809495863588,30.868727980258328,30.23362602962556,29.40807370009512,28.67776110435714,28.096000258284047,27.353336720294454,26.696201580659903,26.165194911969373,25.49803245296583,24.907517202358502,24.423741530710274,23.824651604631935,23.29429811713966,22.85399614394203,22.31610074893427,21.839995765453672,21.43960180484636,20.95684272060796,20.52979828553017,20.16613004611871,19.733270569712925,19.350782893244578,19.021032391447672,18.63351935897535,18.291648576670475,17.993311996744062,17.647124028886257,17.342368934432038,17.0731727507464,16.764726514050498,16.493954976798367,16.251839351508174,15.977950717231089,15.738393292518202,15.521474983590444,15.279324025878607,15.068605691368148,14.875122546885372,14.662237448999987,14.478323195712935,14.306664686136534,14.12087043118735,13.96173324955529,13.810672452356268,13.650000759767032,13.514093122569744,13.382151197553888,13.244729169533192,13.130370822432859,13.0162690478445,12.90025495313191,12.805394137113858,12.70821636586641,12.611788235727197,12.534573868540193,12.45320809629711,12.374591584807767,12.312897659856672,12.246555740398144,12.184042125693658,12.135976461949177,12.083718358610046,12.035670200180423,11.999639344084052,11.960307381560458,11.925144600515067,11.899937942449096,11.87204117867391,11.848215488040108,11.832695307012632,11.814683959193339,11.800673611678508,11.793572683265666,11.784053830225382,11.778387147605796,11.778409842150905,11.77608968034388,11.77737046907284,11.78326533851972,11.7869312637571,11.793865332155823,11.804436017972868,11.812989051847573,11.824396398391313,11.838533379420928,11.850974074644848,11.865783265495022,11.882569297809697,11.89788844479968,11.915136761844819
T30000logg3.6,37.901300553428186,36.657077401136874,35.551079749464876,34.727089658429186,33.573504509904886,32.55008836568436,31.77265625011195,30.71455935454557,29.777072332508922,29.052339216517456,28.089699576330425,27.237373187959907,26.567822798582846,25.697005055505173,24.92615885807413,24.311522690791524,23.52664937226499,22.83186512874213,22.270048899342484,21.5642167895374,20.939383249692504,20.427350276345614,19.793568471171973,19.232595792685977,18.7670002703531,18.198698104996065,17.69590590413048,17.27347125253655,16.76470959290429,16.314966475313316,15.93263604360111,15.478111631983104,15.0768141552543,14.73175972875378,14.326704666220856,13.969690737572039,13.659270526708395,13.299349158094536,12.982823406367455,12.704554191627258,12.385839055983817,12.106358933955525,11.857942989864156,11.576905665407999,11.331403039084938,11.110704796678855,10.864196221685326,10.65000544095781,10.455026158514016,10.24026555641699,10.05504416732665,9.883974925051579,9.698493118189866,9.539904119749535,9.391348981640778,9.232904804473607,9.099154671185904,8.97143653055732,8.837907340207796,8.726678517216001,8.618735685768316,8.508038865014807,8.41726319735073,8.327791623521009,8.23789125810697,8.165326827082204,8.093256710811882,8.022202189335426,7.965783354958173,7.909978148891165,7.855920034767809,7.813879812082999,7.773046343608513,7.734243517012288,7.70522049136062,7.677814538797405,7.652621942964779,7.635344830789553,7.6198345347904075,7.606653120831544,7.599827331716115,7.594741765835176,7.5920077709252265,7.594282745029054,7.598246996884872,7.604448188620181,7.614483284632364,7.626180726298037,7.6398747521681925,7.656353784173596,7.6745538267259805,7.694394536141976,7.716068596691623,7.739632309222032,7.7643841087971435,7.7901404882911,7.817966760116781,7.846494646505137,7.87544760353809,7.906376189386188,7.937651512254698
T30000logg3.8,41.81386514664746,40.559125756009685,39.44267633724371,38.60989164308438,37.44314483815779,36.40715384541528,35.61914769404757,34.54609210639571,33.59459723332205,32.858000550923194,31.879235806325894,31.01198710455885,30.329667403786825,29.442006627717433,28.655676068404535,28.027627448301683,27.225485766352815,26.514894830159413,25.93920531712076,25.21586307585352,24.575034545688965,24.048764581148063,23.397300882594074,22.820196756693395,22.34003525431947,21.75389686832673,21.23485316014586,20.797530084737247,20.270784904607297,19.804690512436736,19.407164936407238,18.934549635012687,18.51684621415804,18.156329966307304,17.733139915879036,17.359733100847304,17.033647799631577,16.655638213532235,16.322817663197,16.028764019117354,15.692098201142933,15.396504556645048,15.132258835412337,14.833484399195473,14.572134107288575,14.335613482172825,14.07164155956256,13.841966452441678,13.631178181213954,13.399267335431265,13.198911472291831,13.012134196270539,12.809841874554062,12.636666546387183,12.472350147579427,12.297441803834673,12.1496633570472,12.00612527961973,11.856465701408263,11.731601202663736,11.607928308766528,11.481419685222354,11.377265895648812,11.272268116145518,11.166851024670343,11.08095674445961,10.993728467735965,10.907421621655832,10.837664734917524,10.767071506887165,10.69798638166972,10.642768869377743,10.587271918048607,10.533616183770226,10.49160111036967,10.449529112264406,10.40959229693441,10.379458153531214,10.349210784731468,10.321329290591503,10.301663575829064,10.281766250418071,10.264312527152136,10.253681861609335,10.24272172115278,10.234123850824858,10.231105311174948,10.22773832037423,10.226503572399722,10.229736366696589,10.232687848385758,10.237436170953387,10.245639993075711,10.25374533063407,10.263225687986218,10.275289748518436,10.287423447971328,10.300507142005726,10.315557114071677,10.330570023237145,10.346258978080709
T31000logg3.6,40.902509108987914,39.57507775025026,38.39456905122103,37.50237475694963,36.26170008119833,35.160697420525324,34.31147258364933,33.16423774646365,32.14771618710866,31.349067459518828,30.296972899422748,29.365689442810606,28.621501251183275,27.662486774449658,26.814143008265546,26.125442935015087,25.255029225991684,24.4854338617702,23.851308646572278,23.063791513489942,22.367856897275963,21.786283251838398,21.075590517923747,20.44798755164793,19.916407456823247,19.27655612751722,18.71205356320143,18.22769866514812,17.653006149798408,17.146641107079116,16.706705707262376,16.191857976724975,15.738976474395661,15.340676359330034,14.880706537040979,14.476946733505839,14.117536879546517,13.707806338387616,13.349147039300348,13.025904913240243,12.662127768581982,12.345013404688961,12.055201336692997,11.733475237014616,11.454504897906201,11.195742124380281,10.912548109918616,10.668418295464347,10.438761326829933,10.19096213096473,9.97865439151392,9.776416141494598,9.5612166534494,9.377820434264233,9.201656346677986,9.016511035643939,8.85923820861975,8.70797162213564,8.550468427342178,8.417123703748132,8.289083722974699,8.156854840202355,8.045616818810737,7.938762333949533,7.829486750200479,7.738485964855877,7.650881996906703,7.562332203966077,7.489646803582138,7.41953225031018,7.349595073913381,7.293318172996724,7.23907648030703,7.185761230920608,7.144063942498929,7.104178515348214,7.065612060194453,7.036790955964264,7.009760907112698,6.9841414929817125,6.966503478517169,6.9508958375758585,6.936482550076701,6.92856211206634,6.9228011676739385,6.917934813346932,6.918594026226444,6.920900108023269,6.92402417852243,6.931957725755994,6.940890111903226,6.950579910642185,6.964458631285361,6.9788289446117435,6.993800885705385,7.012365115840336,7.03115066555695,7.050238245124315,7.072403746381993,7.094630924085353,7.1168324056348355
T31000logg3.8,39.87655964048137,38.64880441990056,37.55759454531442,36.73466046072807,35.590204606525404,34.5752553394162,33.79420454828087,32.738948994778454,31.804543342831245,31.072190851631234,30.10722854876157,29.25359970809476,28.5731794260142,27.69598895713517,26.920421933889433,26.292398909448437,25.498138574132803,24.796130788392933,24.219124340449042,23.501821609660446,22.868050718923172,22.339640965373757,21.693043147064866,21.12204745273951,20.639386343121313,20.057480632013274,19.544050326837706,19.104231780254082,18.581488800726426,18.12083738671289,17.72107498865997,17.25248406426668,16.840261609527403,16.477924355693794,16.058925150141246,15.691144032200052,15.363729336620832,14.990135499577033,14.663156932688773,14.368255275437738,14.036236957769276,13.746836003568397,13.482076844523121,13.188160020248255,12.933485009807116,12.696600073854341,12.437660019359882,12.21482593859773,12.004064341819678,11.777311848800094,11.584220036876502,11.397508373454297,11.200444961413211,11.034206395405285,10.870639618316368,10.700977577789192,10.558934184890134,10.417609378623668,10.273170579588191,10.152628748064629,10.032761480015317,9.911412618204265,9.810502871621061,9.710499888985517,9.610155794118612,9.527398121751414,9.445327356954882,9.363986867873487,9.29779045871473,9.231939974034777,9.167702733973062,9.1164771049644,9.065276709710137,9.016353057931804,8.978504121080565,8.940538189159046,8.905230148587851,8.87920156619379,8.853119106162856,8.829784799574117,8.814076587020082,8.798523000498548,8.785565731197932,8.778705928649831,8.772350524795518,8.768231727044064,8.768849471569983,8.7703437276786,8.77360423862401,8.780734478771508,8.788452536259014,8.79773880408036,8.810242869032978,8.822909337849893,8.836985693263893,8.853664222652622,8.870260092605955,8.888000685737586,8.907775886999358,8.927361222034337,8.947749863978242
T32000logg3.6,40.97571066509488,39.697311089969496,38.553410014017786,37.69960924049785,36.493548207745604,35.416678433430505,34.596952830040244,33.471787445315854,32.468654728128406,31.691426676285904,30.650858396871676,29.72403091349421,28.994235783382287,28.03822066663048,27.187209635902462,26.507072225003746,25.633106612484852,24.85545916207548,24.225316450580983,23.42947399853322,22.721631310529432,22.140617607139703,21.41833878472762,20.776246435294638,20.242804846504637,19.5893111890653,19.00873714247594,18.520906249473303,17.931414736651927,17.408138746870822,16.963735554515672,16.43360152847819,15.963515459038762,15.560237908962739,15.08499306482216,14.66412444532844,14.29960062828984,13.874954737087982,13.49949009479787,13.171318653738972,12.793203133636883,12.459585486713308,12.165363783667335,11.830003509400004,11.53500786340963,11.272372101121723,10.976308765970447,10.716882909470433,10.483717348688447,10.223806021712473,9.99675596195781,9.791509449911585,9.564895266902731,9.367514277363727,9.18853665604944,8.992607122806458,8.822563288986814,8.668106776420714,8.500378575259235,8.35546031448621,8.223740424554816,8.081760356757306,7.959699275481249,7.848986840662457,7.7303586508049005,7.629005472266973,7.5375170711555155,7.4399352021350875,7.357249283668656,7.283209870508545,7.204484376113629,7.1386049973522026,7.08022514517641,7.0182979536166314,6.967401705684147,6.923050356909977,6.875990877640022,6.8383136301203304,6.806468518113776,6.772433328935555,6.746289089048345,6.725454514017939,6.702676924804598,6.686464256846343,6.675175668453341,6.661985911874206,6.654186329238036,6.65106301560273,6.645918294913037,6.645175661043136,6.64889281425707,6.6504070254771825,6.655729420543404,6.66486681656623,6.671814576557974,6.682370690802848,6.695601791591473,6.706890758640915,6.721669340336446,6.738076134634288,6.75273930751616
T32000logg3.8,37.21443525035488,36.02813321874592,34.97298030908352,34.176500598132016,33.068101528220126,32.084413265355735,31.326661567002745,30.302321946397715,29.394669154443765,28.682527408178508,27.743802371261395,26.912865336063145,26.24980351467661,25.3948125845586,24.63849669459194,24.025401927111776,23.250077311835167,22.56457267867364,22.000578773382454,21.299734820693235,20.680410467445455,20.163640023676734,19.531756358532025,18.973775408036463,18.50188326375954,17.933547628914376,17.432181403655854,17.002650803822565,16.492747040519106,16.043537304472846,15.653848525310531,15.197630977802355,14.796423570200595,14.44410160100111,14.037145553881711,13.680048700572495,13.36266472560553,13.0008481734149,12.68429062811219,12.399431345051777,12.07893875989883,11.799759082131107,11.544981976755187,11.262327519922287,11.017536136976764,10.790670220545802,10.542708516590825,10.329325570578504,10.128661577230723,9.912578904242562,9.728020647305843,9.55191835656687,9.365200390610603,9.20678280529958,9.0540968741727,8.894448788604056,8.759599426397163,8.629324543523413,8.494567695364115,8.381161331960755,8.271931314764606,8.159929058252295,8.066345718245296,7.976300281907067,7.884966216610364,7.8095435028845905,7.736921139589114,7.6642531400594,7.605304571034394,7.548479330712675,7.492575447112542,7.448401711816429,7.4059045152222325,7.36497621315405,7.333922151602995,7.304400293045475,7.2767610154536095,7.257286638764409,7.239397529952032,7.223427545396486,7.214029486564809,7.206459967781288,7.200587393241737,7.199835426856595,7.201261606077332,7.203979373580837,7.210873010020839,7.219638921134521,7.229527549904086,7.242911462503708,7.257662784070646,7.2734167646835495,7.292052663946301,7.311711591609078,7.33214514089347,7.354890906397214,7.3784835970533145,7.402508063805509,7.428357356419415,7.4549737721157046,7.481650257914483
T33000logg3.6,41.18733008825672,39.94180000372221,38.830182921694664,37.984256152850215,36.80601796245018,35.75716099167815,34.942052804617795,33.84026715356986,32.86134161826859,32.08591129583711,31.0647923034644,30.158773193240457,29.428338669770444,28.48832210929127,27.655127686719904,26.97228617282883,26.111353758389047,25.348947015460997,24.714406853847812,23.929092351123607,23.234289807405673,22.64751264824458,21.93360650460677,21.302641140026196,20.762317281267244,20.115311698280046,19.54419520176006,19.04856895646035,18.463958206879678,17.94872222919167,17.495825336463945,16.969268860601634,16.50607666334989,16.093832451623797,15.621151172287373,15.206375598996386,14.832523260165376,14.409657787491096,14.039891261925641,13.701973976835696,13.325020000087598,12.9963929343132,12.692553958458479,12.357849216876456,12.066753923009847,11.795178571178043,11.499342735830126,11.243052550366432,11.001400943257085,10.741325058252551,10.517220393405218,10.303398269621898,10.076232576050698,9.881494733636437,9.693951992306964,9.497072455338282,9.329305789272942,9.166335452490829,8.997266712245246,8.854207244932866,8.71409539238339,8.570427898125386,8.449902415870818,8.33088236186158,8.210269865366095,8.110130365281622,8.010481638318412,7.9106681835376165,7.828926737401293,7.746880509080461,7.665716187458296,7.600182932267194,7.534323927890327,7.469786515271955,7.4189271802974375,7.367374917403184,7.317567760969874,7.280147991434597,7.240890619323869,7.204010605162697,7.178456149991635,7.1499424477474545,7.124269099285281,7.108789658611547,7.0898218643876945,7.073742516928304,7.06672089898682,7.056115571381645,7.04814453158875,7.048211169450247,7.044764484815946,7.043547981590512,7.049573276711344,7.052086884615246,7.0564604175932555,7.067388360510703,7.074753113821085,7.08369136820648,7.09854930083193,7.109769385561819,7.122332701375038
T33000logg3.8,45.04279807025534,43.821503737467566,42.727330522853066,41.9047951549598,40.74487469366993,39.70789365842688,38.9125154392216,37.82279247650023,36.850048708091634,36.09028439845594,35.07519731569305,34.16998898097931,33.451151626796666,32.51168452237106,31.674473395864553,30.9993753297315,30.13417705689886,29.363553043934214,28.733230776514773,27.93955256711488,27.232990653639472,26.647305268511154,25.921657549651876,25.27603257122078,24.734100817569463,24.072642990181418,23.484539745841712,22.985006792343754,22.38376666697542,21.849667454710627,21.39088224163323,20.845911563183908,20.362314089324606,19.94244782768685,19.449878329466536,19.013321955183965,18.63042093083241,18.186457011177293,17.79358951526382,17.445557769001354,17.0465292231817,16.69420776537059,16.378838660420705,16.021279150593127,15.70651645225231,15.421684931626034,15.102370409213039,14.82193981235752,14.566057689374299,14.28200902415814,14.03303620142843,13.804485055168552,13.552966623635186,13.33308383548863,13.13004844523698,12.908524151659538,12.715493547147249,12.536241424709814,12.342281624874351,12.173821933170348,12.016724374261376,11.847933134144316,11.701878507077911,11.56518780284799,11.419217899823153,11.293503400648545,11.175425642650948,11.050025334968538,10.94266663446777,10.84145280974499,10.734483772285882,10.643568528815916,10.557560642185802,10.46701798964345,10.390729391333732,10.318375323259634,10.242384047211537,10.179016304434882,10.11883037700192,10.055612343868114,10.003514807516064,9.954079064031815,9.90194001977952,9.85952384905977,9.819489632816525,9.776836361281644,9.74319983769158,9.71069763028495,9.676056650274539,9.650183622586152,9.623665785130179,9.595709596582589,9.57634911338069,9.554751913587342,9.532301742267734,9.51822678650616,9.500711955937991,9.482715367833498,9.472821506488852,9.45866326948232,9.4442040471175
T34000logg3.6,42.83604492409443,41.68361500144775,40.65497337145786,39.86743189917644,38.773392409598046,37.79915289529603,37.03684773275395,36.008975604910255,35.095244560232956,34.365899347422015,33.407829038625145,32.55726165343607,31.86567904555966,30.978029255997722,30.19085378240827,29.539648039289645,28.721135292123144,27.996061600080225,27.386346780927074,26.634542363642353,25.969334073976455,25.401175074611626,24.712946286330716,24.104790353206543,23.57751793925513,22.949373564960677,22.395190768682358,21.90768640634667,21.336080878209476,20.83274962837251,20.38367703424497,19.86514488766426,19.409662980099835,18.997468070227978,18.528615254225564,18.11812915444615,17.741004899474724,17.31845898894529,16.949828267567245,16.606113258382322,16.226536618077617,15.89652323541952,15.584597334142847,15.244767425718639,14.95072724074548,14.668485102024139,14.365362812762646,14.10529164060463,13.850193013638592,13.580940553199,13.351533573046389,13.122587581922888,12.8845759255528,12.682722887839587,12.479010263484287,12.269798225900367,12.093020565619975,11.913211027212757,11.730502327894957,11.576849726799674,11.41924177062648,11.260842248382666,11.128387749864622,10.991346654522745,10.855128042215991,10.742087348627688,10.623879748094406,10.507768686106658,10.412049546187163,10.311298265553747,10.213288802279614,10.133418582224413,10.048210726525555,9.966383948584125,9.9012385736852,9.829433052346252,9.761969738839998,9.709871195826635,9.650031001604818,9.595218385373936,9.554296306240936,9.505337426997867,9.46156840683663,9.430169599821312,9.390969276524356,9.356756722797778,9.333504367752246,9.302883032746923,9.276870713620976,9.260633756406563,9.237406132149216,9.218416359003056,9.208117459514135,9.19119126182825,9.178163931691756,9.172782150225371,9.161145768239065,9.153067988858927,9.151643312727511,9.144409313432417,9.140328389403683
T34000logg3.8,38.19588488444847,37.2057901531642,36.32792693800639,35.65112565960782,34.72386519901706,33.90339417109708,33.2564161324825,32.395750116644464,31.635257601175976,31.022961841851583,30.229147749302935,29.528482762930192,28.95328365007188,28.224514977589777,27.58189803742954,27.04458575774005,26.377875761706797,25.790594160888606,25.290885400851963,24.68262776007307,24.147483054775435,23.684400080427952,23.130734826678164,22.644360554968852,22.216524022144625,21.71364628087219,21.272750732376338,20.87863695026393,20.422984171167478,20.024524187988103,19.662549656816182,19.25082200965364,18.89209873103131,18.56055109630467,18.18966503651038,17.867861240941643,17.565312883232018,17.232349490976247,16.945027866574307,16.669779482208575,16.371949975159442,16.116781647454864,15.867118408510905,15.601758856667761,15.376395777985483,15.150726585617036,14.915319140654981,14.716565932548217,14.514300525613304,14.306473709527292,14.131657591551578,13.951834093232357,13.769340247612512,13.616401003870596,13.457576078217077,13.298292999807785,13.165460968132354,13.026065949785293,12.888019398943511,12.773717776645888,12.65220165585503,12.5335680140645,12.436058623857077,12.33121302563428,12.230270920962809,12.148236265564051,12.058526644038173,11.973611927399642,11.906093353837687,11.829668850203456,11.759159165168562,11.704390346301778,11.640242809818755,11.582560404702786,11.538748289677669,11.485945359494119,11.43956387896631,11.405174779861841,11.36260132443735,11.326068542984821,11.299833000494344,11.26623762916784,11.238189420086337,11.218949942594586,11.193148080337568,11.172351402687987,11.158976197588851,11.139938208534977,11.125339464119019,11.116731480264857,11.103530677116318,11.094160281337128,11.08955015431763,11.08111604549758,11.076035849712463,11.074763684956833,11.070130272871262,11.068533342692056,11.069898975821019,11.068284141114969,11.069451694532246
T35000logg3.6,35.77002945607812,34.694251826027234,33.74008469449416,32.99987387787637,31.988423189793284,31.093711110027986,30.383619559440977,29.442592076261203,28.611849327891083,27.938484064246776,27.069770238988735,26.304095015943517,25.671091314432903,24.873763258930335,24.172046516356442,23.58096371876582,22.85247205011052,22.212327482620157,21.663366095432604,21.000255755864877,20.418565270945248,19.911006401884052,19.309321698509063,18.782584556523574,18.315100954373275,17.770736319752192,17.295366756043503,16.866324218188183,16.375312930337458,15.94795743139601,15.555536840293557,15.114149347484116,14.731794394804407,14.3739827339173,13.978680876822143,13.637791383308032,13.313189030580444,12.960568234915424,12.658141465175605,12.364859258257672,12.051632715179725,11.785370766496168,11.520891032625087,11.243939498482204,11.010396182804339,10.773541059476932,10.529960161729417,10.325624931008752,10.115545490364719,9.902661468434964,9.725028629659835,9.540175121574789,9.355529158120172,9.2024811574846,9.041183401825558,8.882506936567967,8.752201894807099,8.612761378894383,8.477954537107557,8.368365761670065,8.249488545953065,8.136588321375175,8.046111166844742,7.9462281057013975,7.853351340617029,7.780698468697496,7.6979754649190975,7.623278044352592,7.566323637774854,7.499783300537349,7.44146653033453,7.39825416284335,7.346789440428772,7.303105800518863,7.272077486054753,7.234238031427203,7.203498119753412,7.183229443486336,7.157518835129092,7.138110465364374,7.127155895352844,7.112237597379165,7.102643056846608,7.099675634725767,7.094264240898894,7.093144014663629,7.097153610657549,7.0997956918496525,7.105958485333678,7.116007858890037,7.125390598089197,7.137697873833569,7.152898103552526,7.167913057244467,7.185306388257226,7.204841949854401,7.224474062699315,7.245983601357159,7.269100213471778,7.292433031851084,7.317146153463537
T35000logg3.8,38.120072581836205,37.08352956083413,36.15549123442901,35.45939123193286,34.47768523197235,33.600593461132966,32.929239551832794,32.009407231335075,31.188789196997327,30.549029445965495,29.694236201897663,28.932353351702897,28.32830303139217,27.5388300592104,26.835625607640765,26.269346357548628,25.543669022009542,24.897652407248387,24.369817733584135,23.705378532763444,23.11421814101638,22.624582023696906,22.018240043447623,21.479127678934272,21.02683178937021,20.475191024871467,19.98513037305735,19.568963926924738,19.068624919637983,18.624627875075806,18.243208919045653,17.79087940404104,17.390030753453114,17.041876367952053,16.63435218263878,16.273772207367767,15.957296894781049,15.591406639234714,15.268289914645036,14.981732688269819,14.65435279004431,14.365998798047935,14.107494309141664,13.815640043465867,13.559406434952349,13.327183243947825,13.068064682697996,12.841281483568697,12.633830882653548,12.404862355463493,12.205152516132449,12.020942096235839,11.819745674534591,11.645221486387621,11.482498622382263,11.306884064789212,11.1556818970966,11.012890101442023,10.86079032141071,10.730724574110967,10.606742009176024,10.476154495741627,10.365202657955896,10.258793523829283,10.147769774101022,10.054115030353419,9.963881247159165,9.870529188191473,9.792384149120174,9.716963289787559,9.639470243506707,9.575227189202385,9.513186721378831,9.449837689647412,9.397976227411391,9.347944933727728,9.297131253507892,9.256230514821345,9.216894289328433,9.177102194274672,9.145778518982002,9.11592174177565,9.085725988328658,9.062635127762405,9.041143827391188,9.019216248981511,9.00356071813082,8.988942954027594,8.974068657449871,8.964969431790223,8.955998932585636,8.947074454156692,8.94349666025644,8.939273929148905,8.935287211289658,8.936218812539202,8.93596288882597,8.935973962544939,8.940480512693735,8.943479528926055,8.946652898818389
T36000logg3.6,34.76978407918155,33.70963046237743,32.77230937351603,32.03714335623692,31.04271320461154,30.166042053289768,29.461798364257376,28.53851486930798,27.726395690658393,27.059279287722628,26.208442532799996,25.46150579267178,24.83483866609488,24.05515165346545,23.37198826079289,22.787114687082063,22.075757580583794,21.453760520191693,20.910694986528895,20.263995285202427,19.699886574869183,19.197740288342835,18.611593665118903,18.101787962067664,17.639106207768624,17.109336227142695,16.650336240656546,16.22530187375933,15.747926598206833,15.336668421591227,14.947147575422107,14.518454021170783,14.151141506889015,13.795943355171511,13.412444654866931,13.086276813384488,12.763365060844851,12.42174424340163,12.1349080213079,11.841361972633553,11.538444749193054,11.28552179009898,11.022128023484623,10.754896912881316,10.532619487415342,10.298179405817004,10.063811015984168,9.86972079745803,9.662458366913759,9.45833119716498,9.290281218221228,9.108348508985125,8.932022612851691,8.788278969489602,8.629634903889748,8.478838119757157,8.356823116858708,8.220493573148982,8.093130319596433,7.991525514885485,7.875526612620757,7.769666739275978,7.686448967782417,7.589700331244255,7.503520132584696,7.436632974659363,7.358182140990567,7.289910975148885,7.237758599729468,7.1762184089665535,7.124120438469483,7.085149183268435,7.039100986859939,7.001467346324213,6.974177454317987,6.94216366819668,6.917314450691674,6.900440203756164,6.880842486789158,6.867224047221278,6.859663502380043,6.850776611336422,6.846996600396335,6.847535126130501,6.847879996104005,6.852589967134041,6.860157888487047,6.868399794176703,6.880303208798358,6.893992076080387,6.908923759753324,6.926806737781796,6.945804848829965,6.966315859173756,6.989068065007409,7.012601294758083,7.037669253018535,7.0646468134913345,7.091612276569901,7.12030649964264,7.150608052631683
T36000logg3.8,40.54211094199614,39.53454409715113,38.64209805466593,37.939857449091555,36.98854130506005,36.148118118095454,35.470714732420795,34.58094246645687,33.79653446598482,33.149979183538086,32.323620520623585,31.596464787552954,30.984321704730664,30.220949083961518,29.55043312820735,28.97447610208464,28.272208218286007,27.656559736852138,27.11731092338855,26.473393969017582,25.910142086103495,25.407246760195342,24.818447714804982,24.3047499739232,23.83729980116188,23.300241386090796,22.833312970659605,22.399971545955495,21.911366145057464,21.48866810381181,21.087815738347103,20.644532332875603,20.262834018263614,19.893591562616585,19.492638471015685,19.149915139357468,18.810242334943407,18.448738302893638,18.143134386642597,17.830836187991785,17.505987279163847,17.232588782961653,16.9485424277579,16.65764751836679,16.413681153464587,16.156674144473655,15.897145921856247,15.680508069619734,15.448750772713602,15.218123117925462,15.026961105473465,14.818522957067124,14.614449460675518,14.44645493765776,14.25998117196812,14.080234231491875,13.934526630859846,13.767377489238271,13.609872383218864,13.484507951293184,13.335302057480117,13.198101589453666,13.09013434399402,12.958670497179053,12.839950244338333,12.747067361979287,12.632631845894956,12.530645802342114,12.450805128735576,12.352491984077584,12.265556490609368,12.197139038986064,12.113681862808278,12.04016910930725,11.982182018332564,11.911769842578288,11.850112792253785,11.801538893978833,11.74251235243478,11.691308063140603,11.651008680513096,11.601909691701973,11.559900275625868,11.526754007457592,11.486244062072034,11.45219202798977,11.425240820865875,11.392104366643299,11.364833932525514,11.343244790171642,11.316377419393849,11.294752433857926,11.277809604209995,11.256189946725849,11.239282371563078,11.226180254255723,11.20886380559422,11.19607160932305,11.185804389923865,11.171939162452606,11.162396640712346
T37000logg3.6,25.650789616490908,24.7949383141199,24.03967053393131,23.458376231877434,22.6669374453224,21.970145577561,21.421660940837526,20.697006928968758,20.060132864346567,19.548321315020704,18.88968441419018,18.31164966399559,17.838054339322177,17.24272745002772,16.720920536974415,16.28552481607596,15.749691622246624,15.280643337975354,14.882420147521705,14.40178746674874,13.981731726268855,13.619132388757045,13.189471566592994,12.81476307639381,12.486091078962529,12.103492660831755,11.770760787642537,11.47432417721598,11.135232219006491,10.841429303720332,10.57557619516335,10.276784755160481,10.019244551251198,9.782327392655825,9.520950865976246,9.296959774794283,9.08774707119651,8.861181650635736,8.66867054131355,8.485595274315767,8.291434237012755,8.12814797057044,7.969993531522627,7.805944292635855,7.669383850853203,7.535260884648974,7.399131378699314,7.286999199157071,7.175932031319885,7.065671027885969,6.976186688840976,6.886839936993178,6.800515067044195,6.7318337702279365,6.663036973248543,6.598787926103475,6.549310091292492,6.499723069326317,6.455773854629445,6.4243303598273,6.392289855737695,6.366962894129652,6.351404969354906,6.336362689328594,6.32807273802344,6.326383620091782,6.3277558083804735,6.3349712937960945,6.345829442660833,6.362362967136507,6.383566320205225,6.40565986192748,6.4360630253200135,6.4697351088423005,6.5019799517225625,6.5446970599844665,6.589326897560424,6.630857664293874,6.684126147623319,6.738260153737475,6.788176605996257,6.850396178095221,6.912688435220231,6.970044300095989,7.0398759041262196,7.109133577998442,7.1729639531304485,7.249266754303317,7.324410411534599,7.3937326841205335,7.475495965677654,7.5554706339550055,7.629465737560288,7.715626653367736,7.799410550252211,7.877287815843136,7.966829959173518,8.053491128521593,8.134437744727284,8.226402026295542,8.315037551652516
T37000logg3.8,27.426066687784814,26.605619102278066,25.883516197144726,25.314189252399647,24.55067794114961,23.88019916757764,23.338514727184055,22.633905799283767,22.016335680606076,21.505965106928222,20.859832956634882,20.294502116486708,19.817217482650683,19.22753246397515,18.712487677341052,18.268693766560258,17.732479844049063,17.26504565088653,16.854253152651133,16.368126369745497,15.945360231525624,15.566595411261993,15.12718733703369,14.746234995309717,14.398325094640295,14.002488804800194,13.660886979084403,13.34240108141932,12.987218716006696,12.682175303947423,12.392175697544035,12.07494382963139,11.804174962199756,11.541403360431694,11.259634332939743,11.021225396443981,10.784277696568308,10.535691300698401,10.326663574955008,10.115415237150401,9.897898578328677,9.716183538708753,9.529742332590715,9.341279835766258,9.18512512402322,9.022305408859438,8.860910021322113,8.729027412125994,8.588108502512528,8.451789471909178,8.341813243126435,8.222063536376748,8.108832830557365,8.01884590399107,7.919028371806151,7.826930732248844,7.755241953135926,7.6739117334700815,7.6010682744904425,7.5455178026792735,7.4817977923080194,7.426435601422654,7.385260704661838,7.338025961115836,7.298491912719173,7.270326709036545,7.238214963896658,7.212955007318767,7.1964964981823165,7.178195124093512,7.165711892073773,7.159777417474897,7.153906105572092,7.152728155973827,7.156289360784447,7.161341906786168,7.170104870948478,7.182071370978631,7.196611454986622,7.214039546800325,7.233350866045725,7.2560617709019475,7.280907833417823,7.306662308885348,7.336359364281204,7.367497614782636,7.3988619104925455,7.434461627889171,7.470781425501755,7.507041550040404,7.547528168150398,7.588195205415849,7.628458763618138,7.67287378044546,7.717027585942505,7.760510997800907,7.807953918570034,7.854646380273655,7.900744078475463,7.950382864439103,7.998776876954367
T38000logg3.6,26.76280167480058,26.018783348646455,25.367890975737712,24.87437967604149,24.206461287805443,23.62392725235142,23.17278006792951,22.580741022365544,22.06551438176485,21.658645530184764,21.138555452439565,20.68649538511991,20.322908541642832,19.86832420191902,19.473384466336558,19.150151952840798,18.75357033603042,18.40909954407161,18.12245741549328,17.776603677457388,17.47637684709613,17.22260929405522,16.921208526124463,16.659935746267205,16.435825776600385,16.1737390742344,15.94708241571022,15.749962164940698,15.522989459612926,15.327381055333191,15.155028597684002,14.959700921142312,14.792178840452967,14.642736903107014,14.47617119337678,14.334274234029605,14.206173516683913,14.065957166616036,13.947601093247037,13.839526901429497,13.723596238399573,13.627129796828239,13.537767342246246,13.444291921926197,13.367628275114875,13.296369514859393,13.223694356705494,13.165031218432116,13.111223884063854,13.057878944408586,13.016131291036022,12.978671136517097,12.943351934604193,12.917510788723284,12.895414442618598,12.876886213941276,12.865786420031684,12.858271570887164,12.855317279000744,12.85784129578346,12.864112916403586,12.875575537655891,12.89093570943732,12.909976855305219,12.9347766862822,12.961931777091603,12.993061027613079,13.030144174069779,13.067014130389776,13.110555672447067,13.158833336678425,13.204207220899825,13.259503523837665,13.317833195470191,13.370962167585638,13.436774947499938,13.503982938051472,13.5640861850747,13.639162742943757,13.714104554557277,13.780658520614866,13.863562494264349,13.94517343649509,14.017731696142622,14.107087153192001,14.194378374443993,14.27230466882313,14.36703943405259,14.459072212296768,14.54168497154513,14.640804871643207,14.736659767836041,14.823198730829121,14.925771463985571,15.024508532745326,15.114268694416559,15.21930799480722,15.319991572841754,15.41225145866033,15.518776084876507,15.620539247277302
T38000logg3.8,29.077191321218482,28.150732214311983,27.33227603978213,26.69076532595731,25.823788900252975,25.059986941277344,24.447080412016685,23.643983568969567,22.937974193554055,22.35896663113749,21.620648137755726,20.972768001959178,20.43044486127765,19.755545755479872,19.164338793832314,18.65973108058083,18.045534307809028,17.508478014706974,17.041436346408055,16.484495147967518,15.998522212968565,15.568155685643733,15.06477790005394,14.62667499661216,14.231723587849205,13.778301914609765,13.385048125983445,13.024024280415263,12.617186814115493,12.266045658640932,11.937352446793174,11.573974185617992,11.261824436194011,10.964439079232449,10.641595105885418,10.366011151086738,10.098369325893218,9.813300751538382,9.571986162364167,9.332517479860622,9.08259831551472,8.87231598256859,8.660468346925535,8.443179662494789,8.26156550368795,8.07598736307597,7.888925461111787,7.733826973091741,7.573065307576068,7.413949307805268,7.283716007062424,7.145910344134123,7.0125397648136865,6.904950697025036,6.788863999460851,6.679119042534614,6.59199125854819,6.496450762932787,6.40833373242568,6.340060436501712,6.263487478311575,6.195133597444587,6.1435808606828815,6.085086544195875,6.034728412878462,5.998150421822704,5.95655331742085,5.922480438337354,5.899357012457739,5.873289564326564,5.85382975429655,5.842790311640638,5.830761375553511,5.824276386759996,5.8240278107339005,5.824511742289339,5.8294107790336795,5.838792519279701,5.850211542167157,5.865042787027905,5.882893234061148,5.903747141641199,5.927167134644829,5.952382773838396,5.981305921537064,6.012028986243735,6.043649433419138,6.079406776600899,6.116262832788697,6.153400866327663,6.194860428678883,6.2367300290979,6.278588362295039,6.32468814019489,6.370591900384179,6.41633033251348,6.466074476498827,6.515208689386131,6.563921421734406,6.616395734895063,6.667834722625552
T39000logg3.6,32.24972648881049,31.48329197606965,30.804357795223883,30.27225915571611,29.548744825816925,28.908834752427623,28.39456234353436,27.715914786883545,27.11664393340315,26.623688240420844,25.990570234286864,25.4324792186628,24.963237331826672,24.375399171874516,23.858239371675907,23.41423252574292,22.870724286142803,22.393652908136588,21.975688188821632,21.47509140607292,21.036880946010097,20.645236578578498,20.185841863030625,19.785030668909393,19.419586676956808,18.99952895969897,18.6345420066222,18.29488750464964,17.912226955478545,17.581659357588215,17.26693975319612,16.919712272781283,16.621940520473245,16.331362103615266,16.017629810960727,15.750370000075751,15.483731138810322,15.201603386505012,14.96405411276133,14.719640203095437,14.467276851113,14.258954394779895,14.034709825486168,13.810301168859885,13.626063379723602,13.424535130228914,13.226272451313635,13.063589483696678,12.884619447282233,12.710684304693597,12.568183896638564,12.410367564276932,12.258944012468202,12.135210771878267,11.997135121931468,11.866441902670687,11.760281278463872,11.640327025292487,11.528651682773418,11.437890691593852,11.335496031389685,11.241222628338868,11.164970072117082,11.078421004282019,11.000046119496968,10.93711452020572,10.865139048761634,10.801257240839412,10.750252468511928,10.691901675715803,10.641177278356443,10.60098901689984,10.55509332475124,10.516232725495177,10.48585421382528,10.451185833003295,10.42293801920952,10.401336304267824,10.3767634751451,10.357925910141775,10.344059051148278,10.328576049290348,10.31807271058993,10.311025267320344,10.303580990229475,10.300471935280356,10.299437372259055,10.298933288192142,10.302280096685728,10.30648105094951,10.311944385339014,10.320771904674269,10.329553653512217,10.340069513570022,10.35345039293383,10.366197335922966,10.380911574024257,10.397931842372524,10.414108479766018,10.432237541124188,10.452410546869558
T39000logg3.8,26.037508812814856,25.209629103703094,24.480323212362332,23.90670369322044,23.135592256330703,22.457961223285718,21.911928320777637,21.200101310479525,20.575805617025615,20.061299775300874,19.408552582980267,18.837090472705597,18.3560255799239,17.76045636023887,17.239974486987144,16.79285919049026,16.251566129570424,15.779437985949453,15.365849158112152,14.875466847263198,14.448762854484704,14.067761766248656,13.624928292977625,13.240788261470062,12.891255676880906,12.492839651921958,12.14874417889434,11.829361229953992,11.472470230367204,11.16586331564992,10.875527298247972,10.55749182195676,10.285957419899582,10.02361949635046,9.741974069653557,9.503846375234062,9.267898342263825,9.020356651156636,8.812502906118507,8.602958722284168,8.38736392356931,8.207476502012646,8.023609352076532,7.837884546584384,7.684062321206875,7.524746606220278,7.366862263768041,7.237515886983466,7.101297816715256,6.969265257316682,6.863129016588193,6.7482115494524795,6.640067498001951,6.55418153827119,6.460431109616751,6.3742452120647615,6.307088025400544,6.232944014754693,6.166854607202546,6.116400695038257,6.0608983646617345,6.013145338298534,5.977751796455509,5.93967870758909,5.9086032302274765,5.8870391153823345,5.864888079440634,5.8489049098414565,5.840063794398256,5.832268133078287,5.829829558479211,5.83238038810097,5.8376145408534565,5.847186480124307,5.859902963156321,5.876758688130026,5.896873477364197,5.918659626180377,5.945625322174331,5.974940926844219,6.004680170443342,6.040363513490133,6.077596185075144,6.114308088812848,6.157459793839035,6.201416642110126,6.244233648041792,6.293718870120756,6.343259443073077,6.391416894718693,6.446176620202067,6.5003589996935265,6.5529939920996405,6.612019998998772,6.6700255241922,6.726225163738515,6.788562026431184,6.849393614985745,6.908504475771998,6.9732603301069735,7.035990307788213
T40000logg3.6,30.81623506866736,30.177025576299194,29.610394426104794,29.162191361108423,28.554278771369454,28.016240231037145,27.57940312858011,27.00462257490197,26.496827970207164,26.074444022753493,25.53389870965549,25.057352209234413,24.651811004571215,24.145991249883995,23.701144082550638,23.314209899582064,22.843071893994427,22.429907677633498,22.06279079390312,21.625868930018044,21.244014198031643,20.89746097262975,20.493981302433877,20.14280928899432,19.817195446606206,19.446169745616757,19.125000570695935,18.820282063013067,18.4805693645162,18.188733436204323,17.904492033219558,17.59484337880809,17.33068256289764,17.067211811513193,16.786314153952567,16.548902311150037,16.305575562806748,16.052086536188664,15.842408125844837,15.61655215031965,15.389111422740811,15.202777005232868,14.996977182916313,14.794201986170025,14.628026489247464,14.443537752832786,14.264009260635294,14.116990041528869,13.952744068571109,13.794996310659892,13.666000810590639,13.520908020955234,13.383429364197454,13.27157446893796,13.144161324029644,13.025420143467564,12.92861204521406,12.818540487469912,12.717024791607965,12.634493892293992,12.540105240606477,12.454363021023754,12.3849510280372,12.305045560947962,12.23370265069235,12.176035147288825,12.109725734528062,12.051492953454366,12.004527503181237,11.950706503292285,11.904371964026163,11.86713953303869,11.82472108361678,11.789134202657047,11.760672691270315,11.728653141984916,11.702711435028213,11.6821359154097,11.659534669841292,11.64225730437959,11.62879518200914,11.614549367783102,11.60506194252483,11.59789488531801,11.591028581533521,11.588419331442383,11.586844489643061,11.5864314910895,11.58974675542328,11.593174232220422,11.598335384315568,11.606659751179688,11.614529311294902,11.624432185651926,11.636869237048945,11.648672795307665,11.662539514826252,11.678693633455396,11.693510989716266,11.71063487427912,11.730049096450438
T40000logg3.8,26.322100215722372,25.79546389359928,25.284545084077894,24.7890795862552,24.308802895942673,23.84349062441979,23.39300518767008,22.957407406711464,22.53727246966598,22.135369124463168,21.763011633326997,21.365778237267346,20.97565408399395,20.59740473184303,20.230714226955193,19.875300272622237,19.530907173887016,19.19731460307058,18.87434792364072,18.56189792813182,18.259972631591502,17.96884930807452,17.68990270721289,17.424556875651483,17.162044540010797,16.895974690613624,16.638728740506902,16.39011009688121,16.14993003663725,15.918010802630475,15.694189719152236,15.478323512504515,15.270305887418811,15.070090653602339,14.877769087587094,14.694010720110054,14.519321720781113,14.34982879588782,14.1790004542016,14.014209427910481,13.85593434899914,13.704038199264398,13.55839165237153,13.418868520767997,13.285350945357948,13.157734220961096,13.035941492729693,12.919942236538215,12.810093984155877,12.706919137223164,12.607057095671923,12.508873343546323,12.41461997607449,12.325111633754158,12.240210112855408,12.15978179031419,12.083697816910357,12.011837765131375,11.944091125696815,11.880365052360883,11.820583777266165,11.764940329056397,11.714161315252362,11.664259517766329,11.617427059812933,11.573368727689019,11.532332505608107,11.494431049568213,11.459565518565654,11.427638967695847,11.39855495091992,11.372220542609705,11.348547757158677,11.327462161883815,11.309055302245595,11.29390368889982,11.2785735689621,11.265881262716718,11.254948360801222,11.246000289504583,11.238940313326129,11.23368726831198,11.230163844388303,11.228296041315595,11.228013093420374,11.229247245981156,11.231962937029218,11.236226992662873,11.242330447267008,11.247847191370633,11.254919926155509,11.263132050096406,11.272513009800445,11.282886004419504,11.294173128319043,11.306316495100248,11.31926007816654,11.332950314830079,11.347331600320127,11.362414266215811,11.378239259641843
T41000logg3.6,30.33356013506618,29.84375576377983,29.36117608410162,28.88633017359557,28.419751016500072,27.96203227180226,27.513925779872196,27.076620616959858,26.653046872490194,26.25056381090454,25.838401521896323,25.416797492889764,25.00470275696032,24.602182201572184,24.209288952080467,23.826066765715865,23.452562737239226,23.088845442907854,22.73503761909581,22.391387285477578,22.058481481688734,21.73849812772945,21.43255064644011,21.125470146313816,20.81522115344133,20.51395423615101,20.22156588480973,19.937957381729515,19.66303671434219,19.39672665353603,19.138971053754098,18.889757178020947,18.649164344619038,18.417522202743953,18.196334349752707,17.984127222445295,17.77409615445352,17.56447665606231,17.362324979386166,17.167534848055563,16.97998810952074,16.79957137763776,16.626181049632667,16.459728295703748,16.30015022665748,16.147444356305428,16.001787389412566,15.864611828013532,15.732137650661961,15.602739779512577,15.47671479935357,15.356100735968855,15.241208364106528,15.131897567791572,15.028030823960671,14.929473587402498,14.836101290779421,14.747806042872764,14.664514473706186,14.58638360456078,14.514504744453582,14.444381356558605,14.377496514146435,14.313990378710074,14.254349621075256,14.198651325853234,14.146769254407968,14.098581811213197,14.053974471419197,14.012839921391862,13.975081985978457,13.940606829407796,13.90953573806584,13.88269448414357,13.85626904808812,13.832347769005604,13.811165682278382,13.79262399923548,13.776632389917074,13.763097028822736,13.751925778635062,13.74302849741778,13.736317956684935,13.73170877346188,13.729135040566696,13.72860511986553,13.730690107619882,13.732509856274628,13.73600011773786,13.741337082220266,13.748379421416292,13.756823492443896,13.766590677649358,13.777601614783224,13.78978169205682,13.803059994762402,13.817358016250616,13.832725933515562,13.849226934551844,13.86654387376229,13.883509934282934
T41000logg3.8,20.007354427224,19.558983911480656,19.124785987727545,18.704778043582767,18.298970056675824,17.907374154237324,17.530057062303666,17.167253200642648,16.819773254993322,16.492277326575014,16.1813060016076,15.853489279415019,15.537805864965431,15.233857281816475,14.941252903961544,14.659621370106777,14.388620262529734,14.127942624458823,13.87733173905292,13.636603124107177,13.405705967449189,13.18492560638645,12.976810090386593,12.778433223368811,12.57565375067771,12.378847606166458,12.190049474131953,12.009054213461944,11.835673163452807,11.669728289876817,11.511061089747773,11.359532799829637,11.215039438970386,11.077540551172076,10.947191025339047,10.825389178499968,10.709076731494678,10.595006370851545,10.484448139352748,10.379929729847401,10.281331947171273,10.188537121777372,10.10143145481383,10.019901677473833,9.9438404051422,9.873145737416216,9.807735802154255,9.74766125934406,9.693575568882537,9.642994612537652,9.59603098989712,9.552644892296469,9.513788529059472,9.479327388532651,9.449127006149364,9.423050340719309,9.400963630587064,9.382733095734464,9.368228946811989,9.357310810202996,9.349914526281408,9.34649636767206,9.345131836890289,9.345645947132724,9.350964096201333,9.35873272340167,9.369361600447524,9.382741196843208,9.398765072111457,9.417326340543926,9.438318539185003,9.461632573711523,9.487137741963544,9.5147740538621,9.544805243330286,9.575867346939246,9.607895745177798,9.643688233754915,9.68128135257603,9.72058079179888,9.76150480022238,9.803969793219474,9.847891737985266,9.893183638256222,9.939750181503657,9.987494696401614,10.03638754314201,10.086366025048065,10.136681638296452,10.187401172106473,10.240253993475475,10.294644594988021,10.349771627703511,10.405558405178226,10.461925689183692,10.518794468813494,10.576085895740174,10.633707349549061,10.691626395568946,10.749819836070493,10.808012280666263
T42000logg3.8,27.32913067627714,26.99148617707989,26.658504343438555,26.330833708142045,26.009123438811045,25.694076200155685,25.38656872814542,25.088164681770117,24.80447805571541,24.52481428248032,24.230671966727485,23.943801821536468,23.66419197697418,23.391800802397267,23.12655453813728,22.86838297783649,22.617223817847965,22.3730615152855,22.13596912169707,21.906247842091567,21.68521006596902,21.473703844010377,21.263667184690288,21.04911947448774,20.84059334868832,20.6380165041809,20.441323022213737,20.250462641460505,20.06539381437873,19.88609812491603,19.71258749954467,19.544950518314938,19.383473935856593,19.230489453729888,19.08083671751708,18.933609812487177,18.78685988949395,18.645306691959494,18.508900978514358,18.377595198224416,18.25134921270172,18.130128936811452,18.013910356895146,17.902692179802923,17.796519236608642,17.69573589800812,17.60079919334794,17.509179774219042,17.41958033962711,17.33295096474473,17.250741703270172,17.17285675705101,17.099200249062488,17.029672825830346,16.96417854170631,16.90262527382774,16.84493375450144,16.79107932198493,16.741724747638568,16.694801984031336,16.65108741826035,16.609442991377072,16.57062914489385,16.534911036348678,16.502183824575194,16.472342245501917,16.445284225022075,16.420909979160417,16.399125052642578,16.37982065421492,16.363007395273005,16.34923689629108,16.336082347326368,16.325408010703125,16.316498315777395,16.309468117242815,16.304319330569857,16.300971982468297,16.299348739290227,16.29937384946384,16.300974235702803,16.30407039637344,16.308645949800713,16.314908529925916,16.322109506050538,16.329922592046763,16.339139312479023,16.3496744707244,16.361275083421674,16.373866675971936,16.387383965055356,16.401764179691682,16.416945176310858,16.43286318220948,16.449448709884216,16.466702008839153,16.484874086899712,16.502887629522746,16.52136538981463,16.54041249634916,16.56021797370469
T43000logg3.8,34.79303551701383,34.27895800720895,33.81875112629555,33.45969601734079,32.961856958679824,32.51660763994792,32.16056809684441,31.68106304684433,31.25280020299375,30.902572935849317,30.44334213413158,30.03389311389428,29.69201815630062,29.25469672522075,28.86555087269439,28.534206789674325,28.119996367351483,27.75222814380717,27.43317484199296,27.042839530879867,26.6971246048424,26.391716743022727,26.025624344957535,25.702289787047683,25.411515761598086,25.069708176203864,24.768786769824384,24.49333507826633,24.175593047624346,23.89699399111367,23.637182135133692,23.343076253373344,23.08661923268795,22.842444426608324,22.571375672133172,22.33628735745999,22.108006101040967,21.859247090134595,21.644605596723153,21.432351080554373,21.205068299882583,21.011260345700475,20.813620451414852,20.606891141784775,20.43368472688291,20.249655711959733,20.06246880222393,19.906405904193775,19.73799285909452,19.569238447845898,19.42836157915384,19.27584183719624,19.1243131587228,18.997701519868663,18.860100706588284,18.72452008789875,18.61122909021104,18.48744499191774,18.366510460899008,18.265613562871156,18.154462788878153,18.046898790020464,17.957054484705175,17.857796389053682,17.762391459840227,17.68271227550669,17.594237471820957,17.509859520316137,17.440142793446814,17.36077460466286,17.28638461338676,17.22555976715025,17.15462484571406,17.089266459148504,17.036192057049487,16.973214772795814,16.916011146105145,16.86975498208561,16.814176094008893,16.76431383558052,16.724106356679105,16.67530451147393,16.632005757485793,16.597156901263038,16.554515000451616,16.517097732831598,16.486855981697495,16.449812293074466,16.417639245771422,16.391289196602074,16.359268377954,16.33169267212925,16.308777357631598,16.281020656649584,16.25736438822297,16.237463045531527,16.213289677736636,16.192922457239323,16.17559490416446,16.154424843812123,16.13677837816724
T44000logg3.8,34.706557945056204,34.26015880897877,33.85924109133637,33.54509993989716,33.108348970081344,32.71669290225067,32.40217638642202,31.97782388363368,31.598026355161185,31.28612666514073,30.87674026227584,30.511134100799644,30.20457796545658,29.81227809961087,29.462744934106606,29.16384631800772,28.790214776333734,28.458131874963893,28.168745335790206,27.81483088460821,27.501116359217605,27.22266897663325,26.889104622380923,26.594322428687303,26.32789441175581,26.014985257691343,25.739401139750974,25.485786983868234,25.193578811258973,24.93740037157027,24.696988218298877,24.425326724412173,24.1885446643282,23.961556923822997,23.710109872746504,23.492088967875763,23.279024623041174,23.047307831988793,22.847665680677597,22.648474203548815,22.435881833205077,22.2556900282829,22.068620201034353,21.874450278648848,21.712096337454845,21.537870666413333,21.36132686616172,21.21373022970532,21.054317656642045,20.894500405056974,20.76065344871988,20.6157195537209,20.471620896356026,20.350805144873895,20.219491880345227,20.090010576824504,19.981407080782553,19.862766109869256,19.74674986599108,19.649539974252676,19.542518141188353,19.438814365848337,19.3516036311528,19.25570479699792,19.16320166408689,19.08557871301505,18.99937454118677,18.917024516096376,18.84871622629069,18.770732293010184,18.697565980828934,18.637475981963515,18.56718251909516,18.502315994609447,18.44936630794994,18.386351048686898,18.32898224369493,18.28230118197371,18.226078831085157,18.175469499597416,18.13433482249796,18.084384744468764,18.039848164060864,18.003621529971642,17.95941118745432,17.920362658454337,17.88833774821376,17.849381628288857,17.815244940951438,17.786791944891807,17.752572199622378,17.722736260094962,17.697535679403437,17.667310761388553,17.64116022536256,17.618819031997706,17.592001824586816,17.568961771092077,17.549098943472174,17.52517352590874,17.50469363116237
T45000logg3.8,34.64846760212332,34.22223826786544,33.838842626140256,33.53989304705357,33.122223921824364,32.74703495030787,32.44732359919433,32.04088046507656,31.676477986488905,31.378942025222752,30.986371332561987,30.63518108324482,30.34257284699626,29.966133366871546,29.63013863031919,29.344802791760436,28.98615434112422,28.66678193165034,28.390570111298132,28.05078994918285,27.7489563555418,27.483260119498077,27.162957598857545,26.879188284234836,26.625031358275557,26.32448286977058,26.05902130234992,25.817148092574993,25.536393492080926,25.289304257916218,25.060211776177763,24.79910416494762,24.57042801450533,24.354279525552993,24.11251064878556,23.901918736765687,23.69892126294288,23.476033955218885,23.28279623844003,23.093277456900598,22.888707000887052,22.712760688490444,22.536167377184842,22.349273828903303,22.19136474362073,22.02616787170799,21.85624082068933,21.714243587486916,21.56160086087414,21.407827657786346,21.279318491669073,21.14044059250195,21.001882355281914,20.88591211415899,20.760271892488504,20.635873415990194,20.531656153437904,20.41833852916734,20.306981083757076,20.21368492991938,20.111707336211254,20.01227103313513,19.929029643521627,19.837421394732157,19.748817929477294,19.674617839421842,19.592583993729317,19.51377449859923,19.44837902142102,19.37441679188646,19.304432413525117,19.2470862577626,19.18032249209026,19.118280555200876,19.067891925851132,19.007937302564038,18.95305082912149,18.908678835072333,18.855150450508663,18.806712748358997,18.76761802965901,18.720057288625092,18.677412905192075,18.64300849733708,18.600897150709425,18.563432870812267,18.5331912133676,18.496001859592276,18.46318531269107,18.43651840621242,18.403761954048985,18.37506009082446,18.351447799683484,18.322613377255124,18.297476520217426,18.27656792557408,18.251046266098605,18.228939247823682,18.210388492979625,18.18765634164947,18.168103206776117
