,vsini70,vsini80,vsini90,vsini100,vsini110,vsini120,vsini130,vsini140,vsini150,vsini160,vsini170,vsini180,vsini190,vsini200,vsini210,vsini220,vsini230,vsini240,vsini250,vsini260,vsini270,vsini280,vsini290,vsini300,vsini310,vsini320,vsini330
T15000logg2.0,349729.7181575111,313236.5266242794,280952.1921265374,250349.8329080481,224449.41332050238,201710.15627202444,180548.76281489036,162654.9485269133,147124.50191445532,133007.20203865803,121243.20933075633,111313.28342200302,102678.29185646189,95793.63940206477,90342.67280035427,86009.96700179657,82917.57948615548,80856.49138870905,79648.71921202316,79250.56280272803,79538.3696649907,80432.79808935091,81828.58174574187,83662.79624425647,85922.15007684493,88481.57015152188,91317.90164250121
T15000logg2.2,332616.23353935,299115.64021026867,269101.82741488685,240214.86449320053,215329.4743531848,193045.58927593427,171852.6182469375,153511.55479442992,137200.03092107203,121973.18574864618,108909.90554082522,97519.56727723895,87219.47660513666,78609.45141614662,71378.54819516238,65150.99825562154,60183.948269897046,56265.62952549104,53154.79920112204,50921.276368741645,49432.90464356313,48547.283115782724,48249.20636487445,48463.310157166154,49117.278233076446,50163.95062999013,51561.71667960765
T15000logg2.4,364791.4506126571,334502.39665015496,307230.0603807341,280786.1209092802,257827.47346793424,237078.0915440578,217112.4221126491,199626.44969902484,183871.53372792635,168936.21089841455,155914.20266292797,144353.70862215132,133667.3213542876,124509.10839821544,116588.33347989735,109506.81107342614,103594.90687014273,98652.05623300832,94404.92855936704,90999.67088592795,88308.05439766755,86149.43388734922,84580.40491369601,83522.5053590834,82862.30445759253,82620.89755982699,82746.58154835318
T15000logg2.6,426643.6517971017,399889.30410213536,375691.26329805655,352111.5761884945,331526.6166259756,312797.00172386825,294634.9265971171,278596.09613262746,264007.4577808684,250029.95416518708,237704.3886713378,226619.11923247116,216214.2295250788,207145.00307051814,199143.0687628293,191812.8780312584,185521.44136629638,180081.09527764394,175204.86596893845,171092.78861971784,167621.01128520962,164584.12863889552,162098.4348228314,160082.05906946832,158391.29388774384,157107.3032103171,156170.34072895403
T15000logg2.8,532259.0802218944,507316.9384371416,484718.1521162507,462648.97344179725,443330.7162464821,425697.7005093932,408520.87970082834,393275.28492345667,379328.4012060096,365865.91950272105,353898.925287255,343038.6945527001,332729.54730076616,323630.6031114584,315486.75703860424,307893.84248143213,301246.3685703712,295363.7859695818,289940.7999911574,285219.4604104166,281077.12525999476,277283.5305680384,274004.7806027191,271154.2686503449,268559.97406401834,266354.28651231184,264470.42910388426
T15000logg3.0,608894.059510811,588545.408029505,570005.5930118113,551807.262288447,535792.1620943514,521094.49884659855,506701.0207837489,493855.20952312346,482037.05106034264,470563.3553274128,460302.8736081662,450931.2376935432,441970.01783281966,433999.6200273053,426803.1525730871,420021.7195693754,414019.4351831273,408639.7036804429,403602.0020172086,399149.1830558745,395169.6587062644,391442.25719401124,388149.8918347078,385207.42043349566,382442.41132321925,380009.70810815395,377841.6972926687
T16000logg2.0,395922.1777644139,357980.7015529116,325040.70027227304,294414.0073394184,268994.7627158945,247142.90907107733,227231.538714393,210744.33807337913,196753.24813098824,184318.00195261982,174201.24408634947,165901.684709172,158921.49094627603,153590.78834251218,149617.9616755668,146731.40882448305,144967.1780603421,144136.8561076224,144103.47043375685,144768.12225974066,146024.0700680771,147827.71587535125,150038.53260473892,152608.3380433473,155544.9891974425,158718.33200850652,162099.79389385736
T16000logg2.2,345549.8306913667,307515.0499924321,273965.3626607181,242122.6922323135,215093.08235828398,191276.20012540356,168961.10843233165,149944.61558532494,133316.85569462625,118040.93650162086,105152.02215651641,94131.19719132743,84367.97664656444,76396.51816050611,69899.69138305733,64503.30159691923,60395.321952248494,57365.714787577184,55190.442325079064,53879.07478798729,53303.70434005111,53345.17210873793,53940.674662857404,55020.75493575395,56530.01350591736,58401.80509718723,60585.50631672911
T16000logg2.4,361340.5378074814,326199.3118249472,294944.3483659091,264978.58891092474,239254.41809260528,216282.935673322,194425.8177453425,175499.45296060963,158655.9616726158,142874.21620046598,129278.1799364632,117371.22371976632,106517.38112836337,97355.02806611801,89573.3890077037,82758.0863018138,77202.08807714106,72696.78799134612,68970.92880793806,66127.72482976003,64035.972095218596,62526.53765318237,61617.0684925609,61228.93896518589,61261.58026141958,61709.40756853168,62516.844280507445
T16000logg2.6,409858.6702543436,378013.57601722213,349541.19206246705,322079.2245209841,298356.1585607943,277014.4411129459,256528.9499164559,238625.91226707122,222525.8441919081,207259.38115406947,193937.66992593912,182098.7938149135,171118.5939234744,161664.6913324851,153445.38712557196,146037.27238258766,139786.35984904517,134494.5028928594,129868.11827497292,126072.37740786924,122979.34290428259,120390.21117078821,118384.70855198886,116880.43842448185,115746.49216011453,115029.6192138928,114672.45569116552
T16000logg2.8,471238.99609542487,443413.3806632583,418428.85726629675,394209.58702463785,373201.3950859269,354211.00047982624,335871.2755467723,319752.3059629615,305159.61279805325,291209.7022350693,278939.28378150455,267931.35591567383,257602.7899181382,248601.3852032016,240660.477258782,233372.9010698147,227101.1069413043,221660.79502048844,216758.09164615243,212595.03688329944,209047.83447780923,205906.09024012412,203294.4722277735,201127.76655932487,199258.28872464842,197774.0075730975,196616.43959781728
T16000logg3.0,549804.4218472113,525503.0958553661,503589.5538301574,482282.34290717926,463726.6410869991,446883.5797519792,430555.40235555166,416139.60825549497,403024.3909766893,390424.06289648556,379278.79221130745,369216.65081565955,359708.58928334096,351355.46732201945,343915.9252831872,337010.34618443216,330991.70205882343,325690.15326849575,320822.10945707106,316604.5060938486,312918.0976053514,309551.5225972549,306655.08950299694,304141.81973490905,301858.04863990226,299914.1186572411,298254.4086449526
T17000logg2.2,357359.53947448067,317849.3470082403,283423.1747754297,251198.19485955074,224180.04178661617,200726.54875001498,179113.03359261286,160964.37756824738,145368.54614580187,131303.7086065555,119635.12037188007,109865.50667618969,101421.3389453692,94708.81051038763,89437.10818580918,85270.89439554399,82307.91272787238,80361.86138770147,79246.78499346682,78913.39287339554,79252.38313784561,80174.8619117093,81588.14162119989,83427.9581404641,85656.372504354,88212.6143852904,91024.94244644571
T17000logg2.4,359433.8262381547,320713.19800480996,286629.1725775007,254291.6733319313,226766.4476466069,202446.42467237462,179566.26666532576,159936.66959284764,142671.63404978358,126694.60879111043,113067.70517430046,101292.83460449045,90720.22601480108,81916.63403068516,74582.65456005064,68308.39321654825,63318.80986462165,59419.027595899395,56353.15305988841,54167.609971507634,52743.10568754006,51926.636400766016,51699.364648875926,51984.20773072305,52693.754731323126,53811.04675892156,55266.190285460834
T17000logg2.6,397574.8117172937,361344.2371147818,329265.47121725517,298614.25866960554,272342.4146588296,248926.65576861904,226661.11997090062,207356.0675844646,190166.10896420272,174031.13264562766,160069.4494643571,147797.60333247934,136550.94443315445,126968.81253972829,118756.94977830692,111477.7862803908,105433.86943397345,100431.6367320432,96179.75496428735,92797.88717024578,90164.0488632143,88088.7937964176,86614.80387592054,85661.99428330842,85112.03808484042,84983.24942253128,85218.60891786597
T17000logg2.8,456864.0872642761,423821.39689954475,394425.9776053529,366194.7767205925,341888.3164969969,320105.2765491237,299253.1457450582,281057.440136557,264728.90735111956,249260.20915032917,235752.71973762242,223747.70369895248,212596.74358644476,202959.43521018815,194552.77008110884,186936.87328977557,180457.3042884331,174924.64843020623,170032.7046059259,165953.21214704,162562.54828588187,159650.69817024394,157310.06844286184,155457.6315545318,153955.7566098703,152853.19022041434,152103.72866171907
T17000logg3.0,522281.89176612196,493018.3729598526,466863.62062449363,441626.8093082922,419817.3068988134,400189.82071108115,381311.71884808934,364767.9211047162,349845.35841191903,335624.9194612543,323138.11921631143,311963.9805808697,301499.09042102157,292379.05206518155,284339.40644194104,276961.0586415438,270597.5726544815,265067.6296598493,260070.4859874059,255803.8664338568,252144.9538835463,248879.9242026041,246130.88326553363,243814.4529709799,241784.6722315495,240110.9374200123,238755.62261362627
T17000logg3.2,617118.1329977841,590896.4578273948,567364.5933785245,544575.2845985474,524816.5395681005,506977.3245819356,489756.55490555766,474610.2077503861,460892.2070324786,447755.27602749213,436161.66468776856,425724.8024408515,415878.80565081874,407230.5868316413,399533.8653612131,392387.22009823885,386146.0147517554,380636.8790068085,375564.09249429964,371145.8924286505,367259.34674630885,363688.92588728946,360579.48903155385,357848.2794241722,355346.56002195645,353150.40676075633,351238.97739352705
T18000logg2.2,362614.97328877007,326747.2441277458,295989.57251396234,267719.14700306195,244443.03956213733,224656.00946231882,206853.77227826498,192264.63767134194,180063.4507683672,169383.0415205386,160791.84481781186,153858.0361588458,148133.3405327397,143843.9525054886,140752.01329563154,138617.83209979266,137437.15294528074,137065.1221449412,137391.82206270265,138316.53666597072,139761.75661473768,141689.69264749528,143989.05194447024,146603.24054370937,149529.769078635,152710.0535011201,156063.3178852227
T18000logg2.4,327467.13183345494,290086.0310167772,257534.8936137733,227004.34105003768,201249.37938412817,178744.3328052382,157846.95069900938,140117.58192711836,124740.16525215525,110733.26687975245,98947.34562809044,88940.187713752,80143.30456644046,72973.22611055478,67174.60814724086,62403.12392081345,58782.731458773684,56154.81390325906,54318.849311415055,53258.057607163464,52878.36095295206,53063.31836812881,53772.44027791207,54923.34439200094,56457.654491517664,58358.71888142021,60538.69854933645
T18000logg2.6,364854.1132058021,327456.7760531859,294609.03255756834,263495.86226426746,236975.44556486586,213522.72049685012,191438.53975345893,172421.29660928523,155654.49044764042,140102.94193781432,126758.84575780875,115173.51622929827,104716.0611467659,95916.47592224683,88513.06453422911,82102.8374531581,76899.10501363187,72737.31508554252,69361.54518089598,66823.173561813,65021.30529877854,63795.022863658014,63145.54943159592,62995.70784081195,63255.023586052725,63911.72558095379,64909.74407811055
T18000logg2.8,416261.5231828652,381288.59409752337,350388.4015789684,320928.72777111107,295679.18715142814,273190.8761201267,251825.74614085993,233276.28374984377,216753.98806783656,201243.00786951807,187782.30701184296,175929.396230471,165044.33401076254,155719.7111912447,147691.6579327031,140536.96598064236,134537.84509936644,129523.53949172673,125210.54862885996,121714.4583266385,118926.54760560053,116660.38757712775,114961.67092830481,113757.91146619566,112935.56499331913,112498.57785255392,112416.22395015307
T18000logg3.0,487457.4874028199,455210.13426723203,426556.88733871793,399087.1579822658,375436.1905330892,354262.93240109476,334025.56220026634,316357.0149324211,300512.37966804183,285518.09281206084,272405.2388417054,260747.86934007372,249917.9529099412,240528.66476595704,232321.9093543807,224870.77572000108,218496.40785104153,213026.42025561086,208163.51612671945,204068.9589773084,200629.01629198846,197642.16179440648,195188.31491937043,193199.5770452769,191548.239106415,190247.57443999476,189291.82686888712
T18000logg3.2,564492.7124603363,535533.2132655937,509673.78621689393,484773.0878537494,463259.30750172504,443931.40221861214,425385.3220673744,409134.28856266476,394497.99926534214,380577.57865423406,368344.25276275363,357403.1177893993,347164.4263473754,338219.8530555165,330326.106564822,323073.5494494252,316791.6052153983,311312.124379407,306343.22486282425,302067.73615226365,298372.5385185311,295056.55330689054,292213.56922552036,289786.3840013865,287644.8376672742,285795.93509927654,284264.398612592
T18000logg3.4,643213.4461306513,616482.2242090008,592539.0219357903,569423.1342915484,549404.8817627558,531385.7985045918,514063.77257893013,498857.9447878298,485139.77156471025,472068.9076952853,460562.43098739814,450250.9034414402,440577.7234102959,432107.3397966559,424607.35273959185,417686.3989061727,411668.47884744604,406385.6337374114,401556.5566042981,397368.8787278596,393707.2419479799,390378.5413994801,387475.5731133091,384949.14432035777,382673.03920556104,380640.52824896,378898.98687161895
T19000logg2.4,320027.16939644236,283327.0908321738,251735.74295571033,222504.0193859716,198136.9502461664,177171.6781377018,158070.77217179583,142147.31385628902,128625.571873773,116595.59402263787,106680.8246043696,98472.59701422138,91472.75548244371,85951.05191702681,81688.34818887389,78401.33879440985,76121.3631884981,74720.5060920209,74050.12424128184,74044.63530806008,74632.11077597094,75730.72484774023,77288.54514923399,79216.41323749516,81481.57809771046,84081.50137827043,86901.49094813509
T19000logg2.6,324246.89623552543,288063.8792145648,256584.831222194,227074.34217577576,202086.74622316752,180197.6632503504,159832.43672192324,142449.55538983067,127315.82816678885,113487.8339885709,101749.89511720504,91716.77790693128,82835.13193888689,75485.6510704124,69457.19946710879,64409.61379247316,60452.90417646005,57463.09355647342,55232.641789702364,53758.27500053194,52955.6109518873,52701.24914640795,52973.06763804675,53689.171962260654,54786.309974235024,56251.40883232086,58010.326308825555
T19000logg2.8,365338.42816146166,330809.30168255436,300520.7112325316,271855.06850192783,247385.55932388836,225721.10836842732,205296.73836648933,187655.3332495446,172069.59345696686,157585.55528260444,145102.63386938066,134225.28724504603,124367.22218391205,116010.12834013074,108929.21734542164,102747.88033821715,97663.9555689795,93538.89929325768,90129.34792006531,87493.31537070902,85541.26694372145,84121.01541220275,83237.05909996055,82825.4936324747,82801.1044050752,83138.19263569258,83809.2458233553
T19000logg3.0,426261.058271509,393690.3423045034,364933.21283074573,337541.4511986558,314036.91908421705,293096.2916615433,273204.6127626819,255901.56437316875,240480.78767971916,226003.33529135882,213405.66989829094,202297.79684272755,192087.05511747947,183302.14498845214,175716.61006547726,168937.458529846,163214.10842512292,158402.107360209,154236.6214560524,150820.95883187652,148062.29117806692,145791.23661795811,144032.7331827966,142740.13280694548,141813.1429149718,141215.58370886266,140962.6563340765
T19000logg3.2,499547.7964895295,469647.1768626822,443100.5484743004,417691.4325704589,395809.30695483746,376240.32622430165,357571.4356899314,341269.5535504093,326671.1047542052,312886.7463103555,300828.6223099652,290123.4645224137,280199.10968384915,271588.4854488072,264069.1574229874,257252.89144670306,251414.36873736765,246404.31033465537,241954.73910393653,238197.7701515925,235037.48523814717,232300.69673480216,230023.41777531354,228175.7221590567,226649.99771769636,225398.63787940715,224474.60932906572
T19000logg3.4,568948.3145391904,541763.8054712203,517494.2045448411,494142.7541797341,473960.5356872755,455841.6854255529,438481.33931551187,423274.815618633,409601.79193480755,396629.3301232843,385243.01029865665,375084.3691705202,365607.8852218769,357345.66386873985,350076.54333235195,343423.43548665225,337678.82486964733,332687.6553848222,328184.6127183694,324325.7643831979,321008.0118829377,318055.9023627626,315525.7755495865,313385.3037793448,311522.4039032473,309898.64019074145,308575.15456340334
T20000logg2.4,313524.59346776083,280019.2163148387,251432.56639121554,225271.13028032292,203622.052796791,185210.583919002,168695.26975060484,155093.94273360967,143750.22804488373,133878.58451271127,125882.52016945498,119431.11449375542,114115.11716905325,110068.72021409521,107129.96310378674,105081.38742893883,103869.87048077949,103416.95482943734,103603.81923991776,104366.48537572076,105623.20939919176,107313.94326705369,109428.60183913956,111834.04024322706,114518.05854683438,117520.05873466688,120685.52691063193
T20000logg2.6,299841.1901108807,264916.57314058323,234849.7799828274,206964.11382456918,183514.72857752457,163175.90017385062,144495.20230051182,128710.25793513827,115163.00224242182,102989.52829655103,92776.1255133379,84187.83466922292,76737.10587071869,70674.42640349019,65835.77240860883,61934.4117098835,58996.05349447964,56936.92854545731,55583.622097768406,54910.37602910445,54838.6662373759,55273.42767547987,56193.822027289054,57505.00247132569,59162.55630742477,61171.581041842335,63432.61087110367
T20000logg2.8,326317.3551289172,292318.2104791541,262765.54962729494,235059.96875288873,211504.79078743243,190804.85084599283,171491.94994526077,154902.9230256686,140399.6742218098,127100.46838443555,115712.84651936662,105912.65131033867,97176.35646685273,89841.98697896268,83746.56197514191,78563.61161002923,74387.06641595128,71128.71013987796,68581.93258214682,66749.98191625843,65565.74746147706,64911.96139409139,64750.761785745366,65035.78090393475,65699.65414074982,66706.0670208402,68021.0589072597
T20000logg3.0,367299.5309154904,335614.01146069565,307866.5091224089,281644.7751026376,259222.69084762328,239357.5345226557,220628.1501016441,204401.8709990722,190051.20511333106,176712.53740047952,165169.4198249413,155091.5687155286,145947.02655889106,138147.6746285741,131514.72071938685,125704.65941712988,120880.26960308284,116934.65644413019,113644.29868835142,111052.89606707507,109092.04774498395,107630.98845001374,106637.89969756136,106093.52198439706,105917.77188449481,106049.60116844179,106506.52138257372
T20000logg3.2,428920.06849941774,399382.15757991956,373325.769471452,348541.7473199218,327255.05391416856,308299.6125192253,290318.92149434215,274662.66902615136,260722.62093606492,247661.37854452585,236285.03503990656,226265.51208687056,217075.08430040863,209159.45630431062,202332.59230776923,196244.84942787554,191099.70721604797,186778.5990300756,183048.5662371244,179982.69454760203,177510.4903187628,175492.75453991062,173904.96518037497,172747.17086377152,171930.0678458431,171375.8916876332,171142.39909578496
T20000logg3.4,496082.5195816036,468751.4676165463,444476.6661570895,421247.6294021149,401207.78041607497,383279.9980827854,366186.4560181846,351236.3175882524,337852.14942093275,325233.214427311,314182.8867677754,304383.10534648295,295318.67525414657,287450.14452048007,280590.8571400849,274392.48833212006,269084.38470794447,264542.4463900531,260531.26690765988,257142.35710535673,254308.60297713598,251887.05460124876,249853.91676868362,248230.15560694516,246919.24164636616,245828.55952085668,245050.08229032604
T20000logg3.6,569084.3219552304,544548.4195218566,522623.2329985799,501531.9891138793,483273.68095801026,466887.5361619049,451214.3249982857,437480.743139482,425154.9105102335,413499.03003398055,403277.3138110304,394186.76172729244,385745.003355457,378402.7988869603,371972.09190257825,366122.0388980082,361091.3798516218,356747.80953798577,352865.88658972865,349548.5999875696,346725.5377601216,344257.28144053277,342127.4578725282,340361.7573968925,338862.9429230803,337537.02253772126,336490.26133344014
T21000logg2.6,274405.7481527473,242665.44601690996,215513.93389400796,190522.76213740226,169595.08813911438,151564.9353019973,135153.69502525186,121371.42416640502,109668.09868725754,99297.43978603581,90687.13850661195,83569.03508846126,77534.20479926467,72728.20555755691,69031.50158380269,66208.30795571928,64235.66500528342,63048.34511486938,62503.798211393754,62577.958288343056,63176.59096005928,64228.93135761859,65734.99945369718,67572.25898758676,69712.34138763469,72187.21554989071,74867.78269056337
T21000logg2.8,288790.40283345274,256796.79961181487,229243.32377448515,203644.5228806559,181993.73788100155,163103.39431842545,145640.22222023958,130738.38051213743,117843.9048607971,106167.54001294526,96253.38113774806,87830.2907674124,80443.00175446422,74320.1883968212,69341.26753174889,65229.140580844956,62016.798207516375,59640.62573843701,57932.09286183886,56867.592886540864,56389.92537445617,56405.996116940776,56877.62926688857,57747.163570774355,58962.578650284966,60505.33635933735,62316.81174152914
T21000logg3.0,332185.1888185948,300976.9296025357,273848.00935917377,248409.31927361403,226682.16306186645,207530.47754255496,189621.8822776671,174137.35002579496,160550.46909596745,148062.15659934763,137280.2698337785,127955.14122025932,119608.32166072927,112514.37289861546,106566.48659157919,101461.20906251014,97264.24494223978,93923.37597257587,91254.3052576546,89215.60296442824,87798.82430503915,86892.6664903711,86414.1177440938,86376.64761820185,86705.56233797621,87334.5211359728,88274.71886678567
T21000logg3.2,375742.5682315008,346683.97112601704,321229.37626282015,297176.33245780173,276551.98238474777,258257.9182352735,241006.75271711074,226015.56906354238,212748.3290237625,200423.66106844807,189723.98609667743,180377.0553589025,171900.30826958717,164640.37190979903,158457.52680697833,153039.10742525372,148513.0622369338,144798.72577731928,141699.1157030784,139217.29205530736,137326.4368021735,135911.6835884088,134893.21683854086,134304.10666300703,134064.61424405535,134079.93772878518,134407.91590872296
T21000logg3.4,443414.32212555414,416044.645289065,391873.8079149264,368871.2791130898,349041.02002232784,331351.9650612253,314565.1174109238,299891.17035900656,286811.3751409487,274561.50701279734,263848.8825537218,254405.41519518307,245748.16365706807,238256.54384249772,231786.2172214263,226017.62888405,221110.61207591853,216979.4612126123,213419.72131206674,210446.8839169997,208045.62567368004,206094.11692467253,204500.996726097,203333.09513301082,202500.84216024372,201881.65220674677,201580.16725166808
T21000logg3.6,514434.87713284243,489355.5729053392,467054.78283796087,445708.750931531,427241.3115801808,410709.6977517703,394960.90251287614,381160.1763103773,368814.0886805586,357201.075869162,347020.88025614497,338008.5335348498,329698.9964421637,322484.0367604685,316209.1297272458,310562.30004251614,305726.2027562539,301601.56653517723,297986.3063823559,294913.0654090323,292361.6503602702,290210.55589096877,288371.0523817464,286922.5268893541,285772.3034416856,284785.1341664387,284093.02112307603
T21000logg3.8,615540.8677895423,592736.4594003262,572317.4381281922,552656.1027328456,535554.3317933765,520174.5983618653,505459.2442756281,492504.82746956014,480863.58467671246,469861.90354967106,460168.5494180034,451538.84177843004,443530.1245355343,436529.0738154872,430386.5234208456,424803.98459797655,419962.95657552354,415774.3742489516,412046.9626791201,408790.9191045674,406021.89722042845,403616.8739261908,401460.2959799868,399673.980048686,398156.47677056224,396748.90601880517,395622.57428996713
T22000logg2.6,280337.14845912403,249744.5573147818,223462.21938608662,199269.29254857643,178955.32261386103,161493.02269165494,145685.38195882595,132407.15872427367,121188.69176211441,111337.37484622537,103181.98008480469,96521.90934536826,90990.95074518997,86643.47338173653,83416.35689712349,81086.32144084701,79597.76030909689,78885.94040577153,78813.21657751896,79367.79014559615,80420.19987027982,81911.26690563832,83861.89113932032,86116.84218485674,88657.39707569736,91534.10176437421,94594.11132277714
T22000logg2.8,263588.14762357384,233373.83693585463,207465.57171945242,183525.79970293777,163342.4058805101,145820.45061920886,129727.97572637963,116053.07184941799,104302.48072434278,93756.3790133546,84856.69909496928,77373.36580585204,70901.23377330421,65599.7330574178,61377.20034993265,57988.261669892774,55435.58732735293,53664.136105264704,52528.610428217624,52000.487145293606,52016.10579818082,52497.42893758555,53418.02002206717,54700.958771808044,56304.172893659015,58230.41019457221,60395.76749682637
T22000logg3.0,283707.07189500635,255063.89040343158,230419.30008774862,207522.5260373351,188082.2968426146,171054.5443543539,155245.3691658111,141654.48792160134,129827.97352403503,119066.59885485203,109850.98030793716,101969.7419212041,95012.44500934482,89175.1411032321,84375.53988768808,80358.75756866603,77154.89026048097,74719.41034537539,72903.63397233418,71658.81020257492,70969.28251327675,70744.0877246119,70920.57074194172,71481.9899661445,72368.86350192595,73546.13095002514,74988.07605404744
T22000logg3.2,334925.604417731,306970.87753779674,282654.00023260375,259827.76476515876,240299.00511241256,223049.29963259475,206879.4636757903,192862.32601639387,180532.13182341764,169170.64125087066,159338.53625327337,150814.63084993907,143165.08912924965,136648.06654860143,131166.10690991618,126443.59102054522,122546.1297040231,119425.75141671252,116919.18848437213,114972.53141502895,113598.25687770327,112693.85883374515,112161.4855544483,112038.93662228962,112253.0831866156,112723.8241879107,113485.57287935361
T22000logg3.4,390348.5113987173,364020.8812254897,340945.69635054615,319140.46931223734,300371.2659495466,283694.5858147143,267962.8884010131,254230.1207864206,242059.34695680655,230754.95547402027,220889.6952989071,212257.9262677417,204430.0643414061,197681.51408176572,191920.7425239141,186872.16487464582,182609.43826119346,179097.98182368744,176176.10082338742,173764.02892797865,171918.4534949375,170528.1325387471,169462.427084789,168809.57152784272,168484.81694630906,168374.52410875412,168562.68863796117
T22000logg3.6,438157.5375264657,414003.18514586135,392672.1836873342,372379.16490550234,354862.441451133,339236.35070195654,324420.1721355447,311462.384994317,299927.10228068504,289150.27834584436,279733.8105501155,271455.83465575345,263897.4581784601,257373.48773604285,251765.46659170763,246799.4793290696,242594.49603004605,239085.0032167128,236104.83759074684,233620.1739180632,231655.2573260881,230104.10615349788,228846.35688362282,227973.50872856803,227401.6414075854,227001.35165397872,226883.8597117677
T22000logg3.8,515007.8370393308,492966.1063018454,473347.9653984833,454557.9622593731,438263.46215791313,423659.9053332886,409743.8165888915,397527.1340111774,386597.97458142263,376329.4181608183,367322.18929386744,359358.2315510889,352033.33316262276,345679.0191461439,340167.6336629371,335231.54068574193,331010.9070864771,327431.91099355393,324329.78208252345,321683.09018399986,319517.7268646589,317726.5747858912,316187.5924479766,315009.00892054755,314102.4488249681,313323.79405525024,312812.8125189233
T22000logg4.0,581804.9296368725,561521.5316584847,543340.004381797,525826.5460700551,510564.7734166702,496834.57839811075,483707.38048714516,472143.3221320848,461766.4968935309,451989.4658987459,443390.2495559987,435766.3296142543,428734.2344963824,422617.7993638616,417293.50705838087,412507.68546920706,408392.43409733596,404883.3910241632,401825.05157486757,399177.6490909291,396989.4619290071,395152.1318256857,393531.739755464,392254.7345372713,391228.3039478551,390300.940528962,389626.6408424773
T23000logg2.8,247142.05605112805,218593.0230870806,194070.57558733862,171424.67407649517,152296.96674018222,135712.8164874357,120533.13889133719,107624.0312093917,96564.8451457071,86698.0924703255,78383.67451543099,71449.2630558007,65534.310282028186,60726.49737524766,56980.2152315086,54070.80778805782,51968.369366007304,50629.17723537206,49920.73488157084,49807.758159435725,50216.91243326497,51078.510600578695,52379.81432883799,54020.78590198542,55967.56133883429,58239.41339206145,60731.37432702659
T23000logg3.0,263295.5110034846,235449.93585383447,211503.08334794262,189296.59028334462,170445.75280082104,153971.07280767383,138731.8931292981,125643.96653889009,114292.46075997289,104012.77789041115,95223.57871587513,87748.02436738207,81204.41073453613,75738.48773693087,71295.17388643013,67637.94988341763,64762.433202691725,62642.710051004695,61140.45105681939,60194.11185129157,59790.407199354246,59844.19593453495,60300.805837799235,61128.31904698626,62274.40890999289,63716.93117705405,65413.04138103863
T23000logg3.2,305781.64667632256,279187.829037225,256178.79461825074,234692.71711367843,216327.46119286737,200149.13692630784,185045.42828390404,171955.37623714106,160481.87750404642,149966.96140890926,140869.76977852912,133019.45820482023,126025.44436470572,120073.2750547913,115106.74810158488,110883.4389758163,107411.90823534068,104684.53235054389,102558.57332272439,100944.1899686142,99881.28386930513,99271.68528990091,99022.20009183072,99160.67571889226,99619.78435116367,100338.94328629551,101331.6888155074
T23000logg3.4,344932.3294317208,319933.98593564075,298181.41239309503,277760.84223745577,260241.4311289839,244740.70674725843,230194.404056259,217535.1843121638,206377.378388507,196085.05238628903,187139.04848846135,179366.80211775246,172383.72129151004,166403.37392290588,161358.76442727612,157010.38995089248,153384.99062848015,150471.74564305233,148129.55886346594,146261.72492044116,144927.8707681446,144026.6231471744,143444.77143923982,143243.12457943623,143347.82329602356,143672.67154432836,144268.8205195673
T23000logg3.6,391242.6359664552,367534.1808928217,346726.0803130463,327054.6013628449,310073.5895060256,294972.1813732224,280732.55682543025,268272.58569165843,257233.9058680692,247001.75888848124,238061.83509043697,230255.04746647552,223203.9492157963,217125.41685539664,211959.1815001277,207472.78477212944,203677.0095213952,200585.31752269162,198055.65139303615,195965.5483492001,194407.369330941,193271.42515410064,192427.5915010701,191961.63434418433,191792.77192018574,191817.6222729556,192113.34322240588
T23000logg3.8,442962.20425548364,421670.7114625935,402847.1435605134,384934.73306466284,369424.7897149191,355576.2126538921,342453.10882871615,330947.2999200735,320709.2232844761,311165.52475077857,302815.147283872,295488.8361478555,288826.97178548144,283076.98546500946,278155.3700952393,273834.94764458685,270171.0680759966,267144.214718017,264619.6380253743,262499.1925750248,260863.37938369217,259608.8425727353,258600.1453551423,257941.1335535767,257550.53523862327,257304.77047895628,257311.8808367623
T23000logg4.0,514418.9689344752,494588.4294426772,476915.10814961616,459977.53371850203,445249.57859819685,432036.57264219294,419446.9879508529,408371.22816190426,398464.95867836644,389173.52453751327,381017.7445328593,373820.1293911085,367224.42330377334,361506.70280895487,356567.98425029765,352178.37574847357,348426.78856052016,345275.44030057685,342587.7095359952,340285.8551988816,338443.7937475354,336958.33750154485,335690.1069996034,334759.75262466125,334081.0648766385,333514.3457542387,333193.9930715
T23000logg4.2,572386.4139048242,554743.2792198567,538914.7104225137,523673.20448730694,510358.5712324824,498380.5376648398,486948.72623860906,476864.6329305512,467832.3677222778,459354.264287378,451902.5038470222,445321.67183887406,439291.7331545418,434059.87536879967,429539.98906432244,425532.32190338476,422086.5087461761,419197.524740521,416739.9583758364,414608.8839759672,412904.68142099585,411521.6783335579,410322.4851636721,409430.2660866607,408759.26677498146,408172.12687604036,407808.72900889564
T24000logg2.8,234691.46565695593,208837.1227211819,186497.91131378672,165794.525557987,148254.76509001717,133031.90006651345,119104.35845287,107255.1086143599,97123.85711043184,88130.94724054959,80597.27627414286,74386.61982381632,69185.91456171636,65045.80863758371,61938.16953495076,59661.074431679175,58181.246772868624,57437.251563854974,57310.03494532693,57780.08530536643,58737.43168477389,60125.62094095706,61953.7109525482,64086.4691766711,66501.58278027584,69237.32143127914,72161.57975117442
T24000logg3.0,234745.0770983544,208880.66054618312,186620.4876768093,165985.22090640743,148481.46906908232,133204.86520802265,119099.4960673721,107004.67030248555,96538.4822989322,87093.41852379995,79052.81912524949,72259.5714616267,66370.09920246157,61505.87813643622,57619.54027026144,54497.888287027934,52131.548081154135,50487.61173640229,49441.71812751093,48943.77112832446,48958.31369200258,49412.62726408103,50268.65161750047,51469.750386793276,52974.3163372919,54775.76195494398,56809.38194855994
T24000logg3.2,263887.9070297947,239144.9906334029,217806.75732216146,197957.39497285456,181053.98644487865,166220.2998435683,152428.23383142846,140522.8751454569,130135.83783500498,120668.60863127217,112529.71985498597,105562.59322862288,99418.58762719757,94254.0517544473,90015.69491029013,86488.73678449917,83677.05449493682,81561.42526146946,80016.52384307251,78968.86690275549,78430.13745716008,78317.33300734765,78560.15777442456,79155.38032704682,80048.6261423059,81199.25992689078,82594.9608530525
T24000logg3.4,319144.3531846375,295227.4618655216,274470.91184404236,255047.9083612018,238400.8489763141,223709.68151462922,209973.9440579487,198034.01381196908,187545.69411327757,177916.2513923356,169559.39074161372,162332.25416684087,155881.90058937843,150374.09581249364,145765.2459797379,141843.9497876179,138589.16070294342,136023.91622729765,134016.32948554747,132454.51594142572,131405.44600184794,130772.4585100058,130453.10138406127,130492.75160136276,130823.86875685853,131377.5725493416,132185.7973614638
T24000logg3.6,351479.5487338487,329199.05058159056,309758.8355191142,291470.7667543985,275728.2461520639,261768.77095127344,248648.4209256856,237194.07637209198,227082.86636754705,217751.82006435498,209626.04470167033,202565.78771306484,196229.89648303294,190799.69136677025,186226.01314560234,182304.71933517145,179023.10650084302,176404.68174420288,174320.41083036677,172653.82662878797,171484.02381692705,170713.25288284407,170227.92578644486,170092.41442169977,170235.3639402315,170572.01280973604,171158.3067090888
T24000logg3.8,400403.969122206,380196.49039124907,362440.33357344347,345635.6921291392,331107.5674900868,318172.84697564534,305964.70724378614,295271.1756727184,285792.1815040054,277003.56001811544,269326.93315295473,262626.2270293612,256579.88594185084,251377.9116237437,246965.8996102248,243152.3256397508,239928.49102082106,237321.4482454353,235206.93890985244,233464.7755055129,232186.74873621284,231275.04901119505,230606.40067984897,230265.54412525723,230178.57564309146,230243.6759243711,230544.66770970597
T24000logg4.0,452779.01581861184,434143.23359835806,417640.52346512384,401925.30369262095,388281.94638800516,376090.05883519124,364541.5238322538,354399.45931700687,345381.30395623785,336992.35928882967,329655.29637168534,323234.5410954012,317423.33651956625,312419.26996583334,308161.7250618321,304467.0405196423,301334.26537557103,298786.26841176185,296701.9822042469,294964.2551551112,293666.664775499,292711.7546243912,291973.8824105608,291546.758995185,291355.0478107193,291286.5750252468,291442.3667179723
T24000logg4.2,525809.7848105421,508720.5601079224,493459.67322270863,478819.56482990104,466053.2177174056,454591.2389328096,443677.6816885032,434063.59280916705,425474.15026261995,417438.48653447686,410391.60442896374,404192.24971771246,398541.94325315754,393660.4934712404,389473.4503211014,385797.0330056555,382662.1866521847,380071.241007318,377907.47178446164,376065.6858954301,374638.383394492,373528.3773410689,372605.45792826,371978.65459647967,371569.9995911585,371250.3655058935,371146.45348885196
T24000logg4.4,544288.7652334406,529225.5003106745,515697.27098735713,502674.60014137515,491273.13064963225,481020.4592474006,471258.002604019,462643.8438972994,454951.76460063993,447769.30069076404,441476.4232115461,435955.63017599547,430949.120796441,426634.8705068367,422958.850032146,419770.26568070106,417049.7333407295,414839.22323899344,413024.49821446254,411498.4263772755,410350.7805143475,409491.3450828457,408798.49536094,408373.82095335197,408140.58198292344,407983.6114111407,408019.98340719496
T25000logg2.8,253338.0869237127,228691.09812179027,207106.19104488697,186920.95633386218,169659.91464952534,154612.0344171733,140827.71142978364,129041.23238995552,118964.39296956008,110063.22821180802,102611.6183417481,96528.13140622113,91520.81475095305,87590.27321857926,84738.04010040537,82761.52217314625,81626.62081147086,81245.16054801982,81502.99142086957,82387.30067920884,83755.53159538851,85557.04834249741,87809.86198510326,90354.36321951725,93172.39684403272,96311.0461410563,99621.53424291556
T25000logg3.0,216526.70420083942,192175.23435327256,171113.27152616263,151535.6221659052,134865.41085474583,120297.25148501509,106849.904504768,95288.75326926784,85287.56998291858,76289.88005475275,68633.46259826557,62204.530569584866,56692.301368771754,52174.67357432758,48633.70065751675,45873.64321428154,43861.83941660501,42572.67941680584,41888.146841395304,41757.75644212367,42130.02856255815,42937.50967317802,44158.128738280175,45708.64445099356,47553.959755766504,49704.5085790951,52072.45723222445
T25000logg3.2,235086.50361790034,211618.5171204841,191344.28484651115,172486.5936162696,156412.2460377486,142318.8680111591,129242.23111160893,117950.03751770349,108115.85973910586,99186.3551766783,91521.5021411488,84997.99690436771,79297.84098682302,74537.6833169371,70686.16234796471,67550.25292507422,65103.90582512607,63344.05471863698,62152.59112393779,61452.82549791434,61247.507278695426,61459.47960726695,62033.3686600564,62942.99149113303,64140.80264169449,65604.55688151025,67298.96212493777
T25000logg3.4,276535.26976821205,254211.95472584697,234864.21881853556,216799.60717184437,201336.753718147,187719.31761805085,175022.26912419428,164002.41652513662,154352.34444859347,145533.27400997176,137909.78788133984,131361.84628709985,125572.2532328322,120673.46648525636,116632.61221911685,113263.69981255526,110527.99481047175,108451.76210536227,106914.30179361101,105813.90479288563,105196.06086912073,104975.1283628513,105070.04429220839,105497.35309071433,106199.26906733765,107127.99580824477,108289.66812461782
T25000logg3.6,318013.28884097264,296979.06111377553,278675.02886815934,261505.52781913945,246750.15782568412,233694.68042050305,221456.37670721486,210788.2244419541,201396.4022594174,192760.2814242641,185258.87410110634,178770.32258432798,172982.74436423613,168048.27136021107,163928.0360691672,160440.60168940757,157552.10120522382,155296.89840149618,153554.95891435977,152214.41367581685,151343.46572938174,150853.19737662803,150644.06464419956,150762.61310298598,151144.84072835153,151721.7531744346,152531.52336450113
T25000logg3.8,359592.10419079335,340273.97687722655,323363.00945707865,307423.28196446865,293665.17139912915,281450.63559982844,269966.3480421321,259922.45586689218,251053.4904777016,242874.18298634692,235749.35263471346,229567.17310191915,224035.9036327478,219302.37883250203,215333.0112806438,211961.17254137248,209137.75387754638,206915.34390861023,205173.84120969404,203796.3909098528,202861.58772024562,202280.2221419049,201945.91939162678,201920.32904068116,202136.18308503498,202513.6125736294,203111.53307889256
T25000logg4.0,417532.7762663156,399591.3543505179,383772.5159631153,368769.50628035865,355756.30561689264,344151.58375218953,333191.9847600618,323569.1923351952,315035.0838797169,307128.0494168907,300216.73068035056,294191.24170689733,288771.6924989617,284109.2657995854,280171.7678293334,276799.628642954,273939.5920414019,271656.1252629153,269827.64175067266,268334.20213015703,267265.58868038957,266529.8837388974,266013.544527647,265794.6746586288,265800.93858481775,265940.1435715921,266292.9956805397
T25000logg4.2,451995.70107941405,436037.8973385393,421874.25582243566,408366.98959925084,396610.5829001161,386093.947334577,376132.20011905686,367372.9877367659,359589.0390184448,352361.45013248763,346047.5975735828,340538.3499807241,335577.3788437097,331320.5876703755,327726.254424435,324648.35291777196,322047.52755730564,319975.13665855513,318320.1811818361,316969.77952709433,316010.21975063713,315355.1561966747,314891.06772609043,314701.26275735645,314715.23535949877,314834.741261548,315151.57919660496
T25000logg4.4,478642.7305040109,464300.7288463467,451486.6376618446,439204.91481279116,428482.81991371093,418868.52617762773,409743.04649235366,401713.2651667994,394571.0295758882,387934.52137528727,382147.7078764993,377104.2851393308,372570.38718889595,368699.8551988097,365445.80730125785,362673.7288281759,360354.85952974844,358527.77006519417,357088.68257180974,355938.4462594595,355149.2214590944,354641.7026993578,354306.9500991073,354225.89418227854,354330.2288073405,354521.70738134754,354894.1851741428
T26000logg3.0,198715.63001159744,177346.82945193685,158754.00504446053,141419.82726151904,126500.37282331308,113420.35029944923,101373.65665862271,90932.24200802145,81932.96101058056,73940.69937819586,67126.1916343515,61512.76145839107,56844.005102554525,53104.77994785783,50331.04226903523,48356.24717808298,47119.827257743375,46585.34676012622,46647.41787421734,47268.432610306416,48357.97275373328,49860.18272251796,51772.55564803281,53982.87779882555,56457.993679706764,59219.934548918165,62182.088817827585
T26000logg3.2,219499.03052917423,196637.65596662916,176735.05943916275,158141.04419732216,142117.43113278341,127997.73130113336,114877.4665727015,103414.16988966205,93395.18731968799,84315.39337528791,76427.96114433359,69725.02625969135,63920.71295944211,59016.25775767225,55086.275553058505,51946.989423461746,49490.24187730339,47773.203555807966,46661.1603297135,46073.1150444011,45995.64224818864,46353.76054886885,47104.48074643924,48198.06581078518,49589.9830072017,51267.27228824735,53186.11443515235
T26000logg3.4,256933.08750103024,234705.82487694392,215343.0950423822,197240.83193761163,181623.35274151096,167845.46003687638,155023.96798529744,143800.55339250242,133964.34899340692,125010.17186940384,117190.19058846033,110486.61957836364,104617.47689987405,99576.14302567623,95451.99276869693,92063.39181300189,89280.21102789522,87202.41387713698,85691.04914622055,84645.23726312497,84093.42098266311,83954.31306204041,84159.34504849056,84705.27127808321,85536.43538968515,86613.99892819242,87936.56863561957
T26000logg3.6,291547.64920993993,271315.3732382532,253697.87231244953,237191.9000316149,222989.90112780718,210440.45671387174,198710.1333532111,188473.92252917466,179479.95154891422,171242.27957314547,164082.0414387664,157913.4200731796,152451.66777988532,147796.2520143615,143943.54745386928,140732.15118562093,138079.32988158797,136056.7996485492,134542.20955654987,133424.3666693164,132762.63467029235,132472.3833959706,132469.6980394332,132781.83627042756,133349.34337199476,134118.47786736957,135112.29733134306
T26000logg3.8,342389.82092997467,323398.6367020011,306744.07066836074,291070.141627612,277461.5520116125,265383.1752165177,254074.30392699363,244119.82339587464,235345.19148245783,227306.3298236559,220247.52957596374,214149.07382596534,208770.56088281266,204085.22358075474,200206.93057150478,196963.83316278568,194226.19346912633,192106.7860678553,190475.23848606553,189217.39416187303,188396.30797120914,187928.24185982102,187719.06991540274,187816.87333805166,188151.3520818305,188660.71874581944,189387.00069339486
T26000logg4.0,364063.4045566229,346955.1787281409,331914.06773267087,317699.46516182704,305386.6735552915,294438.5220162527,284142.4642804515,275118.63787216495,267151.48025910975,259816.87333199705,253429.39271223216,247903.17217395492,242987.62928042508,238788.90900357536,235296.99692891084,232371.74326219896,229931.67156532282,228053.83487942873,226622.88914472517,225528.0740947095,224839.34242178441,224474.2885723202,224338.55383726317,224484.080643349,224846.35364985396,225353.26168058402,226061.48829725845
T26000logg4.2,420877.6087060453,405116.83667531674,391160.85343843396,377897.8216426657,366343.7733391213,356027.6924464189,346292.7202805183,337720.2149410907,330122.4095106135,323104.4905860733,316962.6828283776,311627.3514631634,306869.25910038006,302767.8777711232,299341.1260286303,296454.0325397338,294009.75151886005,292104.7587935599,290620.99318941927,289446.33182326925,288657.97285937745,288172.46985068894,287889.6503648602,287877.5933283024,288065.52294190467,288371.21793431824,288871.9649648621
T26000logg4.4,459013.63248971576,444896.6364292331,432321.94789928466,420309.45688302023,409811.5305494319,400409.2643898389,391508.43789882434,383661.00452818273,376691.6350736758,370238.9719971882,364597.4711398423,359692.2665853457,355311.0458264338,351547.661748898,348403.35908786784,345754.9085423621,343521.2113757235,341785.833625629,340439.22700263414,339376.64984353754,338672.56513860985,338247.4998783679,338000.6273118366,338005.8777542845,338192.9764467017,338474.60074054194,338937.47617374896
T27000logg3.0,201593.54565686852,180533.69101386587,162217.43266412563,145470.6139038131,130791.66459375071,117774.385292384,106013.44248441768,95819.16245600657,86784.20161229376,78899.13591879749,72284.1255708633,66624.1550992782,62008.20417776964,58404.344748491436,55625.76136462416,53692.34267846742,52514.82186418307,52004.3819656373,52114.2495805267,52751.26291896626,53895.3542987735,55461.33194602423,57404.94319819412,59696.94213739137,62246.845501984666,65079.14052974475,68141.85873948329
T27000logg3.2,184753.18862989894,164420.49802848935,146979.5855502136,131109.62903839553,117220.75031560354,104947.78287688662,93776.2160805618,84001.62524642372,75329.69427574583,67614.85124895869,61025.51455265345,55286.54966268514,50440.72366624198,46511.32239692357,43294.89392534658,40832.49035498273,39071.413470696,37894.43279726714,37287.67951996322,37185.67436277151,37539.93885724016,38305.846160178815,39428.15651432047,40884.56753448655,42616.62953179093,44602.00107270221,46831.1945830724
T27000logg3.4,230754.27761541892,209509.94218546484,190977.61757838936,173656.12370659807,158699.82196511317,145521.49142852324,133288.44421326427,122575.38800619569,113203.18943815047,104701.98222075602,97274.315117581,90934.45042227951,85426.06914496241,80697.4040042302,76869.72600559203,73764.69133482559,71257.49198369429,69435.02973408966,68170.95561738829,67373.30975216458,67056.12736209104,67145.7360327365,67582.80624792675,68351.5289985465,69400.2351603432,70701.20119184713,72241.58816484216
T27000logg3.6,296126.0386547018,275306.6912625168,257047.68425842584,239903.430795941,225014.69079306573,211836.23649114955,199551.39644483302,188720.7521822327,179187.65555181698,170481.49269069958,162791.27059573206,156151.51212982528,150315.59525452423,145180.68443311733,140932.4803751375,137377.69955196045,134365.01221979715,132023.30259360763,130220.35266725789,128834.60420172897,127926.50308674594,127413.36683880609,127205.40796777088,127334.92956724013,127736.68925639377,128361.52506630334,129226.43891873647
T27000logg3.8,310364.08509754005,292065.1530974782,276018.7968942574,260935.73856230718,247841.49788751104,236236.07587291612,225394.09705251985,215850.85922247375,207453.38821124763,199784.01129113845,193052.79703354946,187258.88206065155,182180.8875011833,177762.39494135662,174135.17458735377,171132.300940028,168627.11945186317,166723.63728485105,165301.6593135339,164251.12865688602,163626.73157965977,163349.8629374155,163334.46085930045,163618.35963265877,164133.72552901116,164831.3871127418,165738.0865160013
T27000logg4.0,341776.18205978395,325815.6039392106,311791.797526782,298558.5761273459,287097.7230519132,276921.4266561812,267371.81236789405,259004.20230285375,251629.5425494217,244860.9402581749,238972.37486429812,233897.48616203573,229413.80851986466,225590.92589349241,222441.63375559682,219836.8014331036,217686.07885690435,216068.71209128582,214875.61319461823,214006.2263876913,213517.3298150596,213333.17882087227,213370.85321664694,213672.29505592913,214175.7117848238,214818.08285285864,215649.72363834103
T27000logg4.2,385334.61490392324,370585.4154776587,357558.9899195347,345212.523815901,334477.8811554907,324916.0114305872,315917.090010197,308010.6744800301,301025.31738495803,294599.0227045588,288998.17645542516,284160.08609533904,279877.68790875725,276214.26485169487,273189.40761920705,270679.094153405,268594.80961677217,267017.22584342246,265840.8339079752,264963.485235951,264448.6893847344,264221.3282310685,264191.42907488317,264415.2840916456,264827.09097959247,265355.99054103275,266066.38028888346
T27000logg4.4,408022.11829991406,394604.0407611929,382692.3971192075,371380.9586485983,361497.16252498433,352687.19914419105,344412.4963681024,337119.1221417526,330684.5850917406,324791.7168091297,319642.21103155176,315213.4075251882,311339.55370692926,307996.91986323585,305275.8608023444,303047.18757432455,301216.4747151318,299862.43348475377,298889.77476133505,298195.74876905535,297844.0151652891,297761.76382762333,297857.12048081495,298195.13732638356,298700.7873224234,299319.06184717716,300095.60297681915
T28000logg3.0,236800.45837417498,214715.72962621067,194927.75467585964,176102.236361676,159623.43346380725,145053.71994866146,131593.8505888948,119841.59029202187,109694.76764078028,100709.95723593495,93004.27665571045,86673.12363740665,81436.56129056202,77214.62400425227,74084.81688958406,71859.93642001768,70442.72039305822,69810.80673178191,69850.45416765365,70509.47846657025,71688.5334669618,73326.25758112961,75422.45762928101,77842.80726792548,80558.3432087452,83598.46690934563,86853.3461941831
T28000logg3.2,198947.57441769252,177250.7888357544,158156.74122937804,140205.03295285447,124625.84636961523,110875.92164948219,98124.41007025215,86945.59909585647,77192.8894263534,68409.80025933508,60764.74869320469,54320.75940565672,48815.7403046512,44181.86519519285,40539.35332321111,37706.32324916901,35573.20713406479,34184.5877707414,33420.472040598186,33209.69690931148,33513.94548440305,34266.836019388276,35437.946713722115,36953.60804983612,38774.32376075985,40899.695793187195,43269.81537453752
T28000logg3.4,207228.25352598753,186888.1967364103,169088.06477696454,152438.05310733223,138001.2137324745,125273.29291043065,113478.002188651,103100.83032339766,94028.11360302307,85836.0478887316,78643.82171189184,72536.59256313184,67281.19119253992,62762.82787863244,59150.28213875281,56265.16558586291,53986.36191678898,52383.5395593883,51344.11609467766,50779.123997316456,50689.41251685825,51007.11136170661,51682.256688704074,52685.31508356299,53966.27734782669,55508.62018571752,57290.14414953531
T28000logg3.6,239091.70383414658,220734.11344137287,204670.62793911283,189605.3480747389,176590.1820539978,165095.8254800459,154387.50158401803,145010.937529575,136785.86484828749,129293.08456100782,122760.37090712662,117167.40603158984,112284.7559950907,108105.206348156,104708.20858191511,101943.61752162076,99700.2732885921,98064.25439329728,96920.10435516635,96178.66422475604,95866.079595837,95911.91651138623,96253.94913234911,96894.07669904393,97779.4038054675,98876.37574069742,100188.8343650141
T28000logg3.8,263396.1099247781,246501.09768985846,231694.83042036684,217789.84050632297,205767.15354317627,195142.555531257,185240.43164700345,176576.92505110076,168984.45011091116,162075.2356988251,156071.15365703,150942.53012465304,146477.7559726957,142675.35000168672,139601.39833717502,137116.92210171814,135117.8510565841,133681.52727589544,132700.1232330954,132084.5937459842,131865.27160210744,131973.21398493377,132341.85696462874,132985.29093596674,133846.8607899356,134888.14659943865,136125.06148783042
T28000logg4.0,333557.92475895304,317747.1969184431,303809.1113123483,290667.03018236434,279202.3777150109,269020.63517537434,259503.9821589027,251096.6861137117,243691.94361429714,236939.14148077424,230988.63885591738,225874.65499968836,221412.37575607706,217512.03706067475,214326.31381849357,211702.16651547074,209520.14419161045,207875.75069693208,206665.7955954689,205776.50991541333,205273.49199530442,205076.36077592015,205105.3033321185,205404.02482426664,205899.45100078816,206559.1214107037,207387.01760245455
T28000logg4.2,347412.2396713805,333348.5137534954,320931.7136261985,309189.5413092872,298972.7290597011,289891.99048723455,281381.3730243737,273902.6425727447,267319.75721398985,261303.0963956777,256063.76232261444,251571.4654905049,247651.55310945932,244294.9660758539,241575.533112504,239366.24345480592,237573.98684002948,236272.53340496644,235365.33313168137,234758.098559485,234500.43182539183,234523.53043802065,234745.53481765994,235214.02187181616,235861.34804958449,236636.8891830573,237580.1152974575
T28000logg4.4,393937.54330083646,381318.1884517965,370119.81314170663,359480.5555323602,350192.9861740469,341911.7105959124,334125.3616044093,327272.33990113984,321226.0145164325,315684.81050231383,310858.6733477221,306712.77862636745,303086.2788309015,299982.4196458405,297463.5465593437,295412.37527207343,293745.6469458659,292531.96477821766,291680.43257541856,291098.6033907074,290840.89205371647,290839.29316891887,291008.30312608747,291406.64019651734,291964.39605820423,292625.8249480033,293440.07980188594
T29000logg3.2,192935.09524008047,172395.76951232526,154163.29683627601,136909.66257815278,121804.67842281293,108414.57522179843,95981.67165754568,85020.52920727506,75457.61033746561,66882.12800063692,59389.927910966384,53110.6370119544,47797.90856470208,43335.43624992054,39875.38368665366,37238.51881427787,35309.59588773034,34126.14543355779,33576.26203163109,33593.95504452689,34126.1806616946,35111.2349116508,36527.45135680704,38286.5717163807,40351.42049314389,42724.87463163026,45350.96515944291
T29000logg3.4,192344.70006170796,172717.51965253375,155449.02389544153,139226.13803267953,125134.08506270769,112690.38562086137,101142.35748614538,90984.96939067838,82097.94969096332,74067.38176673501,67029.97280658374,61059.52252302363,55929.273391008,51538.89327352805,48044.4811085829,45274.762867269455,43115.72587135928,41633.05087801218,40717.109564158374,40288.35760237463,40335.878948047066,40794.91326892743,41623.450984601026,42779.66693846059,44218.05607607559,45927.303635424345,47876.39359485413
T29000logg3.6,214722.5062064929,196828.57920190578,181117.93720718232,166381.73534239313,153610.2595000549,142343.0794630733,131884.8968452286,122701.64166963752,114663.26593486074,107381.83959540055,101008.05466640875,95580.55027070917,90894.65997527563,86862.83107877368,83627.93861231778,81031.24289753806,78963.99830948672,77498.47897625179,76530.84659354389,75976.01578520183,75847.78564454717,76079.71445389536,76618.16088331657,77454.44941251377,78534.62609626833,79839.07832182509,81356.69375309192
T29000logg3.8,247271.27527027536,230346.9693432992,215465.06317109923,201478.47309032985,189329.87699646727,178586.559888354,168589.53243588805,159796.41453826946,152086.04291963577,145087.74248566703,138957.04803999164,133724.2547378663,129194.78366336293,125283.49896989479,122131.74629356009,119585.55034418084,117530.99710276912,116049.3919703332,115037.15995495378,114400.52002546703,114170.48577564915,114276.6959574594,114656.71496435346,115320.75854017561,116207.67679520953,117293.09313567201,118574.5690394064
T29000logg4.0,278238.4231133877,263349.2797701861,250231.61221056164,237876.57238407308,227138.52857412747,217631.00995372658,208769.95641364183,200985.56529546244,194159.55774119773,187959.77795550117,182550.89015662504,177939.13791122736,173953.82883690737,170530.44585170623,167786.63558714,165583.7893413756,163824.37173903303,162577.1420403532,161747.6237364682,161247.5180515472,161111.71635681455,161271.32186274132,161662.6527031272,162308.7419662677,163144.84760516312,164144.5719713729,165313.22655400322
T29000logg4.2,319377.74536667945,305822.6348511843,293844.74787275144,282524.03737830766,272666.17485598987,263913.4488304596,255728.5277046197,248533.51065277128,242211.33799283096,236452.7957332549,231436.31998962493,227151.37124764262,223439.07951690478,220256.3401122836,217702.08435812593,215648.41671073556,214005.00150730315,212838.62944209814,212058.96267453252,211576.61370531216,211435.1526802752,211566.09071079647,211898.97476710798,212471.49050501673,213215.69128831313,214097.89852579043,215136.59421234106
T30000logg3.2,189551.44680644022,171410.65368919837,155122.44786228135,139595.06529039014,125838.61052444244,113588.74971765476,102224.82075141801,92125.92019762496,83340.54606756524,75542.09012022153,68699.03911444591,63040.62870207452,58341.32690368761,54448.31788010629,51517.17547951932,49387.627987996915,47951.62175488142,47221.81824514921,47104.87276066963,47551.18100894748,48485.248987657564,49854.50981494532,51646.857763603526,53773.27009259456,56186.73372640281,58887.396463023586,61861.67115719164
T30000logg3.4,176601.76816038118,157917.06796944406,141377.35262641683,125787.14765204593,112094.8892253981,99962.40866326011,88725.83828517393,78741.50366199003,70022.47219954665,62224.994555520614,55309.08543710226,49503.265147723876,44578.28218568124,40376.763805343086,37081.04228721288,34532.659349461836,32606.955808100618,31357.39232991066,30688.06864986842,30526.827432512066,30841.654491954192,31575.299752986186,32695.28522081947,34151.54397034791,35890.115550709736,37905.93521754772,40176.85023294889
T30000logg3.6,189507.50823027518,172069.63243656786,156728.37779772535,142328.7645914099,129824.48083286473,118794.00053945035,108570.72525372767,99582.13971483201,91725.49404322698,84635.44853906322,78425.88503302351,73165.27295307294,68658.23377853993,64798.09991901126,61737.4568601413,59322.55122607633,57446.71742281332,56173.1511974282,55404.74357800469,55064.08773960377,55150.42060681143,55601.262816883194,56374.89363381884,57446.03799887134,58763.99440514462,60319.897220832456,62090.04657142183
T30000logg3.8,221918.65700363484,205530.3763538624,191087.78259478393,177507.3838932862,165695.82775918132,155255.44025592244,145555.73141796974,137014.78870075042,129532.76396560764,122761.79901094074,116818.89057734414,111763.63127520971,107410.22809515928,103655.41222535551,100650.97499331707,98246.84506210331,96336.12942295939,94989.22158334778,94110.57248610747,93613.79945292044,93519.37028509201,93759.98548545557,94284.00670786815,95089.34438111886,96118.4886231497,97357.18403743854,98787.53941127949
T30000logg4.0,251358.94979425968,236844.08585179964,224033.69347361446,211968.80154647815,201468.09833928355,192177.95574047323,183537.86926833325,175939.94384617064,169287.33413231187,163267.59479135938,158006.12755333362,153538.14116210688,149699.37167452305,146406.7503355454,143787.7154015324,141708.9028072541,140069.62617093185,138937.49540726756,138222.97572556435,137839.497813845,137818.14880583115,138089.67053813944,138601.57109856536,139364.916050382,140317.5807834886,141445.84021395227,142736.81451049467
T30000logg4.2,290835.91608258523,277587.4417427183,265861.8915760249,254791.26834968655,245127.3084728078,236559.11593744895,228576.82996183579,221545.91908007278,215383.83420932863,209809.92038637196,204930.16497841568,200790.52697061095,197237.16126335197,194192.03507129214,191775.26037297535,189863.4904292383,188357.23568440528,187325.05769415048,186680.7853293997,186335.23580305185,186330.20464616487,186591.8299178165,187068.61409074083,187778.12780294384,188656.9915021424,189692.55333682994,190865.7257504668
T30000logg4.4,337044.67467203253,325251.953456198,314778.54128953523,304846.92345017305,296164.1670478082,288440.68881073926,281213.8313730193,274850.0947002892,269258.5713996371,264177.4180665945,259748.59776603448,255980.8997392958,252737.20852340624,249966.73510571689,247767.3500196624,246026.01286777869,244655.57156121172,243719.3960697711,243137.26528734012,242818.1531773899,242813.4275230973,243051.24949576767,243469.8420096031,244105.9685795068,244890.1841352146,245802.6254628633,246842.46684137508
T31000logg3.2,222964.79632263456,203855.5725197859,186370.04419857968,169522.2029152441,154264.30758840442,140542.55020662927,127795.94584661374,116175.00348838684,106018.46803675793,97015.3863536131,88877.60940613858,82093.11080408393,76391.68171997568,71518.73153085579,67704.203875668,64781.49236291361,62597.93752858287,61183.48952423236,60453.54368831359,60332.85299599199,60749.399600607794,61659.16290468813,63008.58882770806,64774.06015744867,66856.01984754101,69238.69125657842,71958.82103797619
T31000logg3.4,174666.98034225238,156431.39907093215,140165.79338626907,124738.21942088564,111086.22870252344,98927.84799244195,87628.18297553048,77517.6506590917,68656.03705649605,60719.22223122546,53624.56758624734,47657.00097396768,42585.37201619724,38233.16844986352,34803.07646123921,32136.235585231032,30102.342840390636,28759.787922865427,28014.356031143707,27791.347529893195,28055.578547102148,28751.4853867327,29844.760520345724,31286.138513192476,33020.670738363915,35040.80087452334,37329.63003624929
T31000logg3.6,165542.6245826742,149153.91360941506,134686.89255134476,121100.47693721465,109194.5719574069,98676.35526858745,88966.26022023716,80347.9621615482,72838.89545025844,66147.250997947,60205.14679929237,55234.39580125612,51032.18203421253,47456.31664449845,44666.462521292895,42528.90488685474,40931.16489529933,39923.33455132317,39421.040233069034,39360.95504614805,39720.16174477663,40442.87809775202,41501.061663649496,42857.77610568922,44459.801407464765,46307.4038626282,48371.36870513939
T31000logg3.8,195243.93086107,179402.55080088816,165414.78454775593,152273.44082472989,140797.37480464537,130663.4436720254,121288.48288661291,112998.46807753015,105757.45169306088,99262.34334063422,93512.27186970472,88663.25966593341,84525.22227219617,80970.08422000936,78155.93357023393,75947.39743143995,74228.48105930683,73067.620323764,72375.1302490863,72075.31244512541,72172.08394847432,72601.90760077072,73328.51731361702,74332.01716168462,75560.292921131,77011.01369123576,78646.4811494557
T31000logg4.0,221252.27167787298,207047.90876165585,194493.20794875012,182683.458409511,172378.09298937285,163275.26101811495,154845.4005006192,147412.49646861607,140923.30608384326,135100.12056330056,129971.34271623527,125651.50297375515,121969.4830116647,118823.77693404493,116345.6546692862,114412.95008583738,112918.21975189814,111928.06009482032,111355.81165448188,111126.53752867845,111256.35017744123,111677.43772621761,112354.10769704747,113276.446449874,114391.40945012707,115698.03347087288,117155.51594218625
T31000logg4.2,256313.58214224994,243625.6763497661,232389.5945833873,221799.3408216227,212541.93459851734,204351.1716879783,196753.52487727717,190055.6326480299,184207.22462102037,178961.86712307448,174351.1074051075,170476.58612173217,167183.2968807,164384.21328384473,162194.61930790576,160505.41270901958,159210.39730431887,158379.17520212027,157926.48602564278,157779.01352191833,157961.4477806362,158402.31057414497,159068.6912490715,159955.35791645938,161009.80483101634,162232.1016910574,163577.74565430317
T31000logg4.4,302169.506063749,290236.42149556184,279610.91248822387,269578.7398540465,260738.5239084069,252902.85871108706,245650.91153292952,239200.4863613647,233570.2248124373,228549.51374199297,224072.66473978717,220321.96856692652,217148.9998084489,214417.17083032356,212282.4098320465,210632.52469253144,209353.86707564618,208523.47150234637,208050.1322670596,207868.07240166457,207997.9967424629,208369.49646360928,208964.45940606858,209735.44873679033,210677.21423465945,211778.23872916584,212966.7062825911
T32000logg3.4,172083.23972391922,156247.89710541943,141857.000703492,128013.31757331667,115526.69785305475,104283.20180716258,93782.16895425109,84236.78315455154,75844.72837742575,68352.46245976101,61567.28517833217,55876.67761801304,51060.92461075066,46921.47266604229,43665.96897861167,41154.13292822591,39261.115309918314,38031.009062581965,37387.951228923586,37270.07022853492,37627.962542152105,38418.57717214267,39606.800673056045,41153.81476580248,42993.82534680943,45117.624941322814,47532.68013354318
T32000logg3.6,151716.4428058839,136636.6534146273,123203.50497231988,110478.46692201377,99258.88478245013,89287.41183277423,80028.99918323547,71783.39908146898,64569.339852045916,58114.73573594934,52382.715214713215,47578.94914950409,43519.25409901241,40066.72504240161,37382.10939269855,35334.896194079694,33824.633071604556,32894.83239771477,32467.286432323992,32485.962002879794,32919.74086304041,33718.06791143144,34859.080971445685,36297.454389160644,37985.15089310678,39925.644983237034,42090.20740743072
T32000logg3.8,172429.47073531998,157342.79138625582,143972.09891012902,131384.52270667677,120337.82042870462,110568.50344665413,101539.94399437573,93519.161926316,86518.72774151973,80271.26279237849,74705.2258070304,70038.56589851502,66081.55006718346,62695.46185447962,60038.473194093036,57985.06576976878,56424.41748134543,55413.89567896189,54871.90171098497,54734.22329888218,54988.757841419545,55578.31181302019,56476.20083111567,57648.95532224883,59051.20683208875,60684.213603633805,62506.650059307955
T32000logg4.0,192959.24731565214,179511.15220942954,167610.0594790953,156427.00547990712,146651.73066198028,138033.37080001563,130086.84170832814,123071.18324482418,116969.51149234604,111540.34831684349,106739.53702367423,102735.2642836809,99358.87461470143,96497.029785076,94278.49432065795,92591.29510748574,91335.85319222523,90566.01619102896,90202.39148833012,90185.11601851313,90513.72477119499,91125.46415483223,91998.66973926075,93103.8133211092,94400.97123398882,95893.50752450139,97531.03098566153
T32000logg4.2,233227.43831806004,220424.48534772496,209052.92463570688,198367.5143041569,188944.49255252772,180624.93158232377,172982.37751435663,166158.2517265528,160233.38825986424,154987.74175921848,150301.12883932373,146396.21686888364,143120.20077812395,140309.18614888054,138129.2654103541,136465.23846544046,135212.12649719106,134426.5087213458,134025.4746828197,133954.12123736105,134204.91081775422,134724.47913902235,135498.66839662424,136459.44728323806,137615.01087386403,138947.09954660927,140397.14876700132
T32000logg4.4,274827.7005223014,263551.58312773844,253505.05825826584,244021.4701986413,235654.04515276855,228242.82823325513,221399.85035102407,215310.65155653443,210011.73145083655,205308.10203087048,201126.44866030623,197646.16600333844,194731.78578546376,192242.55054555222,190330.3051749215,188886.39669736018,187811.39470342454,187167.8429213208,186869.85652322983,186864.14098420556,187156.68088155545,187685.4067463657,188439.07925146178,189358.106125237,190446.3792294563,191691.1251628682,193024.55284577512
T33000logg3.4,176245.9683612217,161465.01681662892,147918.91534815,134816.3812771157,122860.31011283844,112030.05249036413,101899.75024323631,92560.0484210174,84330.36075251503,76975.3832860052,70253.31000570086,64594.81801371253,59794.94886019534,55643.95184937047,52351.371843599634,49792.456501969566,47845.075509011025,46544.16789837739,45830.224743731305,45640.45173659056,45928.85299724749,46654.1897897367,47774.41829216766,49273.17359284193,51068.01158180405,53147.058013565584,55533.868673559366
T33000logg3.6,144682.54979029146,131227.76453396014,119095.36998142529,107508.57397874634,97091.4821167644,87749.02880786777,79063.51784862358,71156.55463431781,64220.93529783099,58042.756286349395,52440.38754467254,47748.81266357854,43789.512795454306,40395.36615080469,37738.044106650756,35708.29082494836,34206.33075225514,33264.83838450501,32825.450730030934,32837.216132787165,33263.05367210426,34059.874618968686,35204.49423054538,36658.849946014045,38372.128016882096,40338.565703834676,42553.19471556331
T33000logg3.8,148288.04117753357,134918.55851719851,123003.42427650001,111728.52076110756,101771.2353780368,92928.75357726311,84737.71599722389,77426.76352957884,71039.90154412965,65350.73073729963,60271.75553233668,56032.06262213403,52461.47904842142,49427.15609808631,47076.55262140787,45297.690526693565,43996.79374251755,43215.37271917486,42884.121601881016,42953.42368608868,43398.46262236302,44169.472266735545,45248.792895522376,46596.86081688742,48170.61240535273,49975.50071667723,51975.309269579106
T33000logg4.0,190931.19472297915,176927.64727494607,164416.27635775352,152654.0923585664,142127.91593340348,132810.5006316711,124325.58261918442,116529.20176963545,109785.01448994629,103837.82527329473,98420.71477020651,93886.96775656355,90062.39436626481,86761.0892851066,84140.56465862313,82105.4373858741,80552.12365262762,79501.4037973129,78902.29800896627,78713.84923157273,78848.2422063243,79324.55673376656,80101.8209970368,81112.89422545028,82361.85033229747,83813.17747154966,85450.13342953767
T33000logg4.2,187369.86993357795,175776.40456499465,165495.07723034025,155831.1862858966,147374.06980729045,139929.90991482043,133092.47543260406,127071.5638058142,121868.44212906092,117285.2944201885,113264.0301507098,109963.73586937542,107240.7243989909,104989.61723275823,103318.08876396302,102128.4020978917,101339.3725186188,100985.79646757958,100995.14152958903,101324.49680510323,101963.93517600544,102851.35443884233,103979.55102663307,105306.9134800774,106802.51518835094,108472.48964323703,110264.66253791217
T33000logg4.4,223838.92905878165,213291.13057721534,203914.6690502855,195079.46598136472,187335.28070372294,180506.04288591782,174220.46584926714,168688.41818718385,163905.20444325413,159688.82708651348,156000.36432900667,152976.27213059788,150487.69076549666,148435.53253892736,146924.43027293272,145860.77116457475,145163.7787396835,144874.23535527795,144917.02578824598,145249.31089622458,145870.3550388975,146714.590079563,147775.46451754114,149014.03954923368,150403.2407898324,151947.2539465943,153590.07513912034
T34000logg3.4,174131.8037587427,160998.80663506043,148845.33683408832,136989.4067214747,126077.36283624946,116119.68908506299,106746.50447660332,98043.19412435128,90335.07773792821,83417.46289845336,77064.16549488134,71697.93391223035,67134.18420603,63178.277948914605,60034.266377573396,57589.31507939053,55731.146007328425,54492.475601246915,53821.17681952141,53660.77845194084,53966.67271667358,54701.720288870834,55825.31760886616,57330.76137065522,59129.082263400494,61210.520297774194,63605.12409685587
T34000logg3.6,141949.82738405775,129845.86385364321,118850.58230113689,108260.5752108988,98676.8627470088,90015.9343243396,81896.98829623572,74475.64208180913,67925.17206800678,62058.23644205998,56717.37492809796,52227.22091316486,48422.17232172967,45145.64492020479,42570.812751293866,40592.71967735562,39117.49743441361,38183.57634954615,37735.25412800819,37727.00740151799,38124.60737897564,38889.04315827383,39997.928859087224,41418.99055271208,43098.52668088059,45032.998837215244,47222.396813613894
T34000logg3.8,135272.55122532163,123703.24962041847,113320.33044705525,103444.27088763965,94615.99919481213,86727.05301986198,79406.56870977013,72779.91722492594,66976.84500249724,61815.295371734974,57151.714714227885,53258.232681716305,49983.29990456918,47189.603084072136,45020.328988455774,43382.20632029601,42193.33858944975,41484.46456694203,41202.53591523827,41306.85571057514,41769.22477323094,42547.86533385943,43631.643304886806,44972.44938655927,46541.91372136082,48338.39967479401,50336.7793921002
T34000logg4.0,136029.43434294118,124942.41264436941,115077.068634726,105813.65304258217,97590.58435073662,90337.06677629871,83729.00738634908,77767.6837234665,72640.24313280814,68161.40331826235,64174.76950468952,60916.72863034029,58254.653150465,56060.1806312174,54441.517657803444,53316.32772689293,52617.75733705175,52353.6378618159,52471.37031498482,52943.44351132131,53725.91908072969,54784.51537873173,56110.22158772655,57652.5182291541,59389.654738215206,61308.87513831285,63402.00617902495
T34000logg4.2,157017.5172061221,146381.75740748932,136936.29216750432,128054.58917193394,120265.53603114889,113411.52273633666,107131.4603568733,101595.27179014211,96828.05253541195,92656.51623705427,89005.5495645538,86040.61302418819,83630.86781604496,81674.6294599748,80267.9773955352,79322.30004616026,78773.11374102061,78637.3561630352,78852.55890620487,79388.65280958607,80222.5652024212,81298.63065896244,82617.75357419171,84131.65894575752,85812.12551428335,87667.67775106526,89652.61290770044
T34000logg4.4,194249.77126208958,183922.2533390402,174727.58762674124,166103.50943107452,158466.59663498806,151748.98458430677,145650.9559280255,140170.22364408636,135478.08015880658,131400.4157856015,127778.62218297382,124838.5436060664,122449.81725448501,120486.89246785369,119059.14198629194,118078.77038366301,117477.56603987695,117277.23300616919,117411.38972716426,117859.02857775013,118564.77690030346,119515.00783318159,120691.07080881833,122036.8727906086,123551.55020270952,125209.29497431438,126990.71958785666
T35000logg3.4,173989.2889775822,162176.1206583482,151108.09534467454,140221.0005399343,130079.41609995866,120763.76402800354,111977.21277018439,103712.78882831264,96377.3592782527,89787.12576472558,83687.31155364044,78522.71680537093,74123.87105009718,70306.72376430538,67261.21386252914,64893.1638302843,63101.92398446193,61904.15491449919,61265.17014023039,61128.23841585756,61455.8104193997,62206.46352778982,63340.735046616515,64866.12314288778,66682.88090551186,68783.04601826065,71200.91868953414
T35000logg3.6,143144.61865968123,131752.41040117698,121320.54115068632,111234.65224778443,101977.33308003569,93567.60107034605,85701.82257012656,78365.12029118382,71889.68757332108,66092.38498902183,60755.13784192086,56248.616978415994,52420.82137146769,49104.88269145503,46468.20139937321,44425.24666252945,42886.437032370035,41872.69621120462,41348.67729292543,41266.32327156715,41592.59060908649,42291.33592344752,43334.621497634536,44703.89664562385,46338.715153752,48227.588124840666,50385.936196418246
T35000logg3.8,131364.59134133064,120661.9992522466,110992.12177644939,101760.72204785692,93395.52273828344,85879.633492036,78918.91946304173,72487.63709221804,66857.38061756823,61850.21605469521,57281.608539391855,53452.71111417237,50228.63953775831,47465.94846898865,45301.24318083116,43658.067680423585,42460.114035662875,41724.558020529425,41414.25952095525,41493.7600783042,41921.7949557289,42673.485487988786,43730.7019308318,45052.196464451736,46609.23973729123,48387.63409962875,50388.740233883116
T35000logg4.0,124884.14246974779,114682.57292241768,105561.68377036552,96982.63448077154,89274.36727584524,82450.78590884368,76260.025627347,70564.18244124798,65678.13036642867,61420.39767738823,57603.510207736006,54482.96504799604,51938.833104268095,49853.29138507684,48312.73784386974,47253.97124042932,46619.16160097308,46400.27329089615,46560.9471089029,47080.13412403668,47897.48459820953,48997.97872715663,50357.48925130369,51953.711061393384,53744.23012195243,55709.9258677575,57868.25057300662
T35000logg4.2,138022.8255616796,128398.95171342182,119822.90173468756,111762.788388267,104612.99178348324,98311.50507127181,92578.87432458554,87427.28394691812,83014.25695094168,79181.079138987,75797.39221929526,73063.83026779024,70865.2365364563,69094.5372604845,67839.57000314583,67026.47038019105,66601.67624995767,66569.56569933773,66878.18851141082,67510.54498943574,68420.4940483929,69577.13715478854,70976.72522357224,72566.7713108932,74331.54516329739,76259.83938648661,78339.71116245123
T35000logg4.4,159973.22651428808,150479.5403816273,142028.43532809825,134138.68747219033,127111.24459543396,120955.19943666752,115428.86693746856,110420.78307690796,106178.53021361407,102541.93613887568,99328.6570893566,96763.1401878504,94728.27031574947,93119.76694511762,92011.63835775656,91332.95120786935,91036.50460333978,91107.67001327901,91507.10321563817,92214.61580246655,93172.41662147769,94367.38558463824,95770.03426909377,97361.99714965138,99113.44364115427,100993.43409410401,103013.68763277867
T36000logg3.6,137548.22308838431,128312.28013314861,119719.60713386298,111270.28007510774,103424.86057695336,96197.09316443285,89324.49939238952,82886.80815315961,77128.4452585175,71912.00434790019,67072.17935320205,62946.82903336917,59406.513761624105,56305.47355271569,53818.30422060105,51865.583363158876,50365.45181519688,49356.17951024512,48801.416118051675,48661.31242318292,48911.14550298295,49520.712309051116,50466.02759881078,51734.54089536482,53266.45256059294,55055.22447914005,57116.26441648272
T36000logg3.8,118429.22948107368,109244.12809913959,100926.32897340579,92991.50450437592,85726.17567223181,79186.72064241217,73163.87716058455,67504.64147716691,62575.58772941689,58214.71911140711,54235.8491458616,50919.670506080714,48159.48490319623,45839.75236425514,44056.20223084462,42758.20320637576,41886.25603745761,41432.866193069036,41374.95128440739,41683.738354326764,42320.13610639066,43259.13956244173,44477.12793472941,45966.8690466112,47673.71330716184,49582.100865442524,51714.49168107956
T36000logg4.0,119393.54060982024,109975.44465741208,101517.66588302008,93516.86602227103,86300.73023429782,79878.3978434859,74015.2756336795,68609.94043357813,63950.594738445085,59871.972166796084,56208.84500152769,53203.62958332479,50745.6324777821,48723.36182673595,47224.16704350292,46187.891484181855,45560.681991771584,45337.27906687092,45484.379814242115,45983.02913857649,46779.22653846868,47854.97152850199,49192.132646624785,50764.88467629742,52534.13722679809,54484.115580090125,56630.534069719266
T36000logg4.2,119972.37157668454,111298.95751158349,103563.64475162764,96310.66695945416,89823.4265586184,84108.185783083,78950.97811256972,74245.76033049064,70244.54562697189,66796.99212718874,63750.97535275859,61311.538054123106,59377.09572438396,57855.70802649793,56810.38677088455,56183.870673427424,55934.73511461473,56051.66398842313,56496.40615905714,57258.69754045725,58281.18496264535,59547.808838476965,61039.59781255934,62738.48247111037,64604.59441376369,66619.01472721453,68800.76982453818
T36000logg4.4,131105.66187782033,122777.45676516241,115364.46938639082,108449.24173645164,102276.52946091816,96874.5310851381,92040.85337270511,87659.58533372398,83969.69797215649,80831.24692655039,78092.14490031361,75940.80040653772,74280.22695961551,73027.3632780085,72232.16274287249,71836.71504682073,71808.78384700346,72123.25263161701,72748.51126569843,73669.53148377938,74838.36357604848,76230.39095474491,77821.54439130088,79607.92905719612,81545.56812774793,83607.66208772594,85817.77945225533
T37000logg3.6,144349.57187674075,135099.66829865365,126349.40893343417,117650.39985418491,109467.17051896307,101876.31958348861,94644.75929605647,87787.16986016715,81640.67010461139,76065.6194178753,70852.79131316098,66392.69316424003,62549.880103126474,59171.008908390664,56433.571443981775,54263.84674239517,52577.06384820448,51400.91196300261,50710.00781907898,50459.73575667627,50618.22630468412,51160.10219597783,52056.86238861238,53297.84000674971,54818.5544045955,56610.52732926766,58691.418001928956
T37000logg3.8,120368.82929966571,111606.89091415395,103604.91903201856,95908.63711262033,88803.78261643485,82361.98462147625,76391.36179860056,70739.48336314349,65786.57129518074,61375.81793298119,57321.06606401708,53913.223741772315,51048.32268121125,48608.93585345873,46697.45384350452,45267.10946666034,44259.00895021,43669.421072869154,43482.59858564541,43668.935736695596,44189.489596781,45022.91363726719,46145.311192560315,47547.833038980345,49177.92431045827,51020.12879220901,53096.68820260478
T37000logg4.0,112250.15415351176,103789.93290556887,96159.8673622273,88939.9456922195,82329.18023992528,76425.56639389595,71045.1742767898,66003.03231667355,61651.47704495799,57843.25862442098,54405.37412039886,51572.88352196444,49257.737756227485,47364.66308610439,45953.15512652093,44987.365797068334,44425.17184632452,44235.869594120755,44413.230970757264,44930.087493710336,45747.36690928352,46839.1882265749,48178.709664980684,49770.87787820415,51559.79717664179,53523.11110358977,55685.99881090452
T37000logg4.2,114089.00351033955,106230.07931425955,99207.97147461194,92638.54086062928,86688.79767180553,81443.42875351361,76725.48908353876,72368.10697535804,68662.46163221261,65474.13075693298,62652.95464342984,60386.27125375544,58593.85858901113,57196.412010010456,56234.617267219815,55669.817999202365,55475.47773331136,55605.38124903962,56060.490659565694,56813.28676154801,57831.85534000016,59084.7068728452,60546.290229295475,62224.17988232104,64071.13422398716,66057.95801015988,68213.89457058327
T37000logg4.4,111871.02419509816,104644.75843516339,98220.01533610845,92217.18072949804,86893.7874189452,82238.262363485,78069.21798810572,74328.54743553213,71194.9441405623,68548.13389777293,66279.37294697201,64538.45238975797,63241.56860598407,62324.199941634746,61824.007340679396,61688.48598025827,61893.29474602012,62423.55099488098,63234.79898784113,64328.455175065246,65655.20483422105,67186.886684534,68916.27929853451,70827.31719178769,72876.90866334333,75051.6926282741,77373.21196225584
T38000logg3.6,146552.4645938913,138172.15251816926,130096.93123462884,121968.37744449053,114182.97569074103,106892.7325882022,99930.03279935576,93196.74507535034,87140.08059557009,81620.14592537447,76407.96901620252,71907.86078637253,68001.04835390553,64537.73354960946,61687.39552326223,59396.126834768045,57584.2496925788,56264.48031460065,55433.17380163164,55041.47183299911,55059.240173083366,55466.570247266034,56232.60849851973,57352.00479110548,58761.02504687424,60446.453086796624,62430.825543618026
T38000logg3.8,128038.23803470173,119918.74969312876,112307.51427295532,104846.11644263245,97773.72692807746,91258.19069370121,85154.51896509292,79236.8661450114,73983.81741365582,69241.11446222955,64811.300151460535,61005.16207562746,57737.04748787314,54888.481018941726,52558.58597142754,50725.18583504441,49328.404127669324,48342.06730210395,47784.872996052916,47619.563454049756,47794.7219026594,48310.58358890765,49134.59255708988,50258.82591703581,51636.04215530555,53246.74536094796,55106.51265777768
T38000logg4.0,92815.39688755447,86335.85997586261,80502.85813540586,74993.39899876511,69953.38964019142,65461.709319618625,61380.54917837029,57574.33311885024,54315.416432966435,51497.841922301,49001.95186647059,47002.45930718769,45437.812610731526,44248.484681319314,43470.26889299205,43073.36992985789,43029.89926266635,43318.27250285264,43913.45556491907,44798.896406933214,45964.17212183917,47358.75793820422,48968.239856145636,50814.20254750938,52829.942314015454,54997.40726142781,57348.783069372475
T38000logg4.2,99079.44091720763,92517.52508024457,86637.65881802797,81040.4542910267,76095.34982202796,71700.2122182769,67631.65806674816,64044.42112554329,60951.669729596746,58251.492484396396,55935.19669586846,54096.74367784331,52666.376298294104,51586.82858042148,50916.00008787961,50599.61184682475,50613.57094618299,50945.02488012617,51562.54417822635,52468.6100476858,53616.644623078646,54975.95838424779,56563.47825717222,58335.414616159,60254.34931839264,62347.831888571025,64586.08690180707
T38000logg4.4,87003.57903678215,81615.06717813679,76822.58069921957,72395.25037240835,68397.82146871023,64938.41864071136,61906.66064733705,59158.76793283825,56911.521276508225,55073.23528924198,53565.837895163786,52482.42631899209,51778.218427711065,51420.20637069512,51410.63455746095,51716.210903839434,52325.86055556758,53216.19339734418,54352.088545387334,55714.691671711495,57320.04695316595,59098.970275980224,61031.35231314317,63148.84992443672,65400.66167557092,67749.72581035757,70229.06341467402
T39000logg3.8,117483.8260097146,110843.8921710374,104560.81097432692,98361.66491136723,92413.64799424788,86903.77081926403,81724.43784743868,76669.18181189368,72168.60024293985,68101.17283778221,64302.9807361015,61037.80953278932,58245.66633856213,55834.7073660138,53876.70182390373,52367.01739883135,51259.84624367351,50524.45347554072,50183.444567774015,50202.853589004306,50552.150710569214,51214.9610261678,52165.8597670514,53410.13426927416,54894.799644577965,56600.46623002272,58545.0220404129
T39000logg4.0,102502.26036395748,96023.63468728204,90079.84958186702,84339.27926796694,79040.50319277016,74231.75931114964,69771.97049617207,65572.34595337928,61905.07357185245,58658.7203401127,55707.80952616623,53265.99666594997,51258.3425247375,49606.02577058732,48381.20411469727,47546.60148506037,47066.61140807804,46934.203271768085,47130.502626591675,47644.05971174408,48438.346580067955,49491.746699537965,50793.75549134148,52333.58278685984,54065.028715917244,55978.00835208761,58095.820411770146
T39000logg4.2,98101.1309577198,92103.09033850512,86698.82377776524,81576.28378792208,76939.86298065833,72812.60856946101,69060.12448893921,65599.05059683352,62645.639487245164,60096.82542707625,57853.52286289096,56072.363127369106,54687.692434098346,53642.09665458203,52976.74170697592,52654.998806797936,52655.03192708208,52962.41539880219,53549.58124500485,54416.54034806791,55522.41677177717,56844.11356708299,58374.62471398282,60105.5450803561,61991.81854346199,64022.44674996404,66223.31812907271
T40000logg3.8,115226.68397844648,109501.73254778626,103983.61319872843,98444.2774235614,93086.64498188045,88071.5588279087,83319.04493329556,78656.1434302952,74490.29269149437,70710.16021860924,67168.88272376519,64124.73222132677,61517.6229434646,59261.059184422586,57441.255726261305,56043.42683114531,55023.54204304277,54370.672905040774,54091.87974164151,54159.87898836046,54550.90488647117,55245.53522369995,56224.03339386545,57493.702713605264,58996.73486926862,60720.38411226738,62688.86225744829
T40000logg4.0,102980.56919699625,97180.4291236814,91797.26175640445,86580.3110839214,81641.43812252865,77132.51315223341,72953.19308737945,68926.05008720278,65391.28387302971,62246.49791115402,59366.71158090078,56944.658477245146,54934.3131639492,53269.74141974909,51991.41673169353,51094.04399525804,50551.26497991118,50323.0289351038,50428.9672907262,50841.76872130529,51542.721895393006,52502.88967732608,53702.12621937939,55153.155224316244,56806.27212113457,58637.75391953917,60670.669061129935
T40000logg4.2,94235.28066651007,88826.74836918822,83934.59663337452,79318.10035329433,75043.15383629738,71235.28318303781,67789.77288020324,64547.9252851249,61776.907621207945,59385.08455294234,57276.40543050333,55584.24615371806,54269.29764165358,53285.745279236486,52650.07831384824,52348.73239939874,52367.27234468366,52662.56745878738,53239.34431700898,54072.805107226624,55162.48687039265,56461.020576582996,57949.671975718,59650.39967183503,61516.22393301878,63517.29800529643,65681.94496259905
T40000logg4.4,89460.01669238765,84429.15443108912,79943.19666409347,75789.10434343942,71991.35102524603,68680.36959636064,65753.33648529874,63061.77050012984,60828.7053759334,58969.9643897077,57411.007062525256,56243.66868250837,55432.48178813941,54946.07111348467,54781.82831696199,54922.66692419518,55356.918934892405,56058.52836178448,57007.209147534224,58181.55440591966,59597.201057789316,61194.16104787712,62949.67584996364,64892.44656372909,66979.69167511638,69174.39117824979,71505.8773791348
T41000logg3.8,118523.19551608677,113350.15563176964,108257.57772262565,103025.1258832507,97946.34182988673,93126.47156140144,88457.21766368109,83934.27386576249,79827.76484982227,76064.64077143373,72494.96769895905,69412.71632216011,66736.9605290362,64372.8201444433,62450.9510719396,60932.808345222526,59768.20276913769,58980.09595938934,58558.598893314236,58478.97067575691,58724.01916112631,59275.890750153165,60121.391838517455,61256.17976186382,62629.95748719224,64238.603625621996,66100.46362212933
T41000logg4.0,98824.64500377426,94103.38037204005,89640.34965657556,85217.49462157305,81020.99933819739,77133.33242704927,73473.02221134298,69947.05905909762,66827.76254876539,64031.605077279484,61452.81529118164,59288.26025817488,57484.66561718634,55980.32630507886,54842.39292611269,54048.45429095608,53571.41115634106,53406.41686909001,53544.885169015564,53977.46766546821,54679.32152030249,55629.95603544099,56821.21357723207,58253.22706000217,59877.10136700919,61684.49016214558,63702.20218691225
T41000logg4.2,90587.66993805928,85912.04166902823,81647.79961826687,77581.21406383326,73808.50031672884,70420.842531269,67333.42983789534,64421.14879948717,61923.2870432536,59760.282786137504,57847.521747736195,56316.835193859326,55130.298129156465,54248.012609403886,53693.391964056675,53449.89981543084,53506.65241654834,53831.53494994237,54421.93880643285,55265.3736748476,56350.70697063176,57640.327649926316,59120.154135143945,60812.165248115714,62663.296813294786,64651.623346837376,66809.34654533309
T41000logg4.4,86529.29038198978,82359.92824861503,78611.3224499042,75126.887611413,71891.52827369196,69062.6587700856,66553.0908416126,64238.682939762715,62315.06125648226,60718.69071323046,59392.86581424738,58412.05873530523,57753.52753222491,57397.461199573874,57330.27719684528,57547.19159129516,58034.75313491385,58778.71887067162,59751.27383248789,60934.989449743945,62351.58208816159,63943.516648808385,65687.41857821331,67612.3034480851,69681.74698627542,71857.37578846698,74164.37247629142
T42000logg3.8,115617.63447662005,110686.05542164555,105845.31911830146,100906.91020629488,96091.75066441957,91542.344583468,87188.74593819822,82916.27046388658,79075.33475971171,75576.16822801043,72282.99820172084,69450.37910051463,67018.66905976934,64907.22852834661,63211.64820699654,61912.00990704683,60969.14508580634,60384.310335167975,60159.632488669144,60268.85588005902,60703.24975069399,61431.905583765096,62441.46303252573,63744.827110979655,65277.64735339689,67032.15043729352,69038.15308474931
T42000logg4.0,100024.99948116863,95902.5909157021,91916.21401429942,87904.66902045437,84009.49809609402,80359.37626850468,76903.80634349596,73511.26647464855,70490.2422764236,67762.01321378506,65225.31608304782,63066.66150348777,61247.581331903566,59713.23723575249,58522.32346306407,57666.60363046592,57120.417813966036,56869.596731359394,56917.88263854427,57252.79215247908,57852.69891998104,58702.07722264693,59787.008381378626,61118.94122373267,62647.1334353505,64359.09918836777,66281.25321940356
T42000logg4.2,86980.18990689816,83180.95445041152,79684.43707225067,76328.87858675218,73176.70808514264,70331.58479128126,67731.80671053975,65262.95839877226,63142.98809865393,61308.78056748313,59694.7544759938,58409.417988229405,57427.743068397365,56720.57081526052,56303.38293879363,56166.95901527806,56305.08493585508,56689.44012467379,57318.9337120673,58180.45682343795,59277.207114717574,60565.3828428156,62032.744132877335,63705.49192604477,65535.16298351459,67496.98781303847,69620.50114031404
T42000logg4.4,82798.29054140009,79033.37797950728,75657.02778059483,72518.70280079222,69619.85155287517,67083.58688169537,64834.16682019895,62763.22863770463,61046.60326935569,59627.45349708082,58456.74410412308,57604.50261893202,57050.041791554395,56776.817478029356,56778.16968041108,57044.048726732995,57567.067969403826,58331.01901925749,59311.4691105041,60493.30302191165,61899.39367396725,63472.07695097413,65191.860798126465,67089.12353655694,69127.06672812272,71268.65071366933,73540.99931509838
T43000logg4.0,94712.93995047557,91374.82507950913,88113.28206912991,84808.14568898383,81563.58711763751,78510.40082467669,75613.42873193802,72760.39721020209,70218.01036425923,67926.39859611655,65802.62168436385,64002.63087229601,62499.43765661566,61251.45241623244,60304.313866323246,59657.703993609626,59293.821913063606,59201.89979552215,59385.025149028355,59832.67118700973,60540.04806163077,61479.63354654775,62640.0870517801,64042.057059229526,65633.84244724321,67400.01324234268,69367.36326293727
T43000logg4.2,83525.04405066579,80772.61269954257,78185.89180943277,75647.54623759244,73228.16390463665,71007.11380979599,68948.48029556124,66980.25983924436,65282.66750803743,63810.76273496286,62516.2374609002,61496.27462598752,60732.379748399755,60210.411216085195,59951.47290913347,59945.93918303797,60185.3097173417,60651.80464894162,61324.42607953819,62207.052891220636,63295.386383161465,64556.19927552379,65987.43739329264,67614.23367228541,69380.44189807765,71277.55753467881,73340.89931645972
T43000logg4.4,81192.71957704352,78277.22317383277,75632.97097233101,73145.7928580312,70831.00757099186,68785.84953950898,66957.81540329695,65269.027764898725,63865.33129706257,62706.00902924364,61755.48443435547,61074.42055691041,60649.61127798708,60472.477198830384,60542.78659867434,60849.71179250144,61391.7057958512,62148.899568482026,63101.66935456537,64239.74835989498,65586.0635453669,67086.90105915641,68728.57911442139,70542.93107726896,72492.85611252367,74545.01422241103,76728.3819264833
T44000logg4.0,104616.24760166978,101369.7306269729,98120.69532087105,94771.73695782936,91418.96856680936,88224.48404087653,85161.1372895433,82098.81842809726,79334.29305557115,76805.97927862272,74422.90609586974,72353.12953622828,70575.01448882477,69042.17700355792,67805.73943864442,66872.8799671816,66222.02909883094,65832.39829825444,65725.85752356258,65883.99242986526,66295.11958743131,66947.41513931884,67827.15466371467,68947.52447182994,70269.2177081964,71775.04873484017,73484.89355246835
T44000logg4.2,87342.9550791787,84668.24928397746,82104.10196654698,79562.6714194323,77085.51915981628,74796.18693553675,72663.77018499891,70593.15940505546,68783.75936906521,67192.92904109215,65771.16496329394,64612.89526108621,63707.430381129336,63034.48652301457,62608.38055287574,62431.202892944304,62499.26895761441,62790.48439131052,63309.296550442305,64044.05071937315,65004.49335934693,66151.87667196883,67476.08228055215,69002.71779737591,70691.80143862517,72517.62444724266,74505.12188693782
T44000logg4.4,80467.83114398563,77983.15230188912,75707.22714812485,73571.25894875564,71529.16757436687,69733.39670427644,68132.33460572847,66653.94335516775,65429.12569052349,64428.87236187282,63627.88424534227,63070.46293313305,62751.05625773485,62667.42453419665,62801.66387657119,63159.78231422171,63732.145542521546,64525.52164434982,65505.65773640142,66664.07504819431,68028.99312386883,69553.73394995375,71215.18092023651,73039.93271215248,75010.85979572701,77082.43244000124,79274.16181091712
T45000logg4.0,106692.12863629388,103422.48082824933,100116.23796272662,96678.81832803779,93226.64262155676,89923.72364142985,86746.39736369457,83564.1403595154,80686.35240822354,78048.88085576294,75554.88211050045,73385.3958448879,71514.03557899791,69890.16713828547,68573.80490959926,67569.67758101123,66852.74179188807,66412.12188066394,66263.40147258031,66388.81290246232,66778.70508684886,67419.00732910927,68296.06725278878,69424.80428235563,70760.46390366016,72288.48418543396,74029.87453020942
T45000logg4.2,89615.68574961335,87201.93676541481,84836.54814175925,82462.29416867674,80093.63133781178,77886.54195056389,75812.3592075083,73784.40196480088,71993.39254608924,70406.67842312981,68978.68931482486,67796.09988389269,66857.08184292367,66144.66995319622,65667.08875045601,65436.43703522582,65445.19182961997,65675.08236942948,66129.66263711119,66795.69186299166,67687.39625278943,68768.2699068781,70026.39125808717,71484.14929655955,73113.49495872835,74881.46568070611,76807.49142576207
T45000logg4.4,79415.81786731763,77460.4597956543,75637.3674800619,73890.51371479435,72210.28293018189,70708.36566559439,69353.77365999928,68091.39380178074,67038.6756055802,66173.56843458737,65476.82208185201,64992.69723165437,64718.13466153702,64652.232533821676,64791.639075663916,65133.41236964695,65676.71784102793,66420.36903597454,67339.60312168491,68427.9616273187,69714.01051887534,71150.55852103487,72722.53581890736,74458.88305782688,76337.33972537333,78317.71860937586,80423.5707593218
T46000logg4.2,86650.75517368194,84725.93727798104,82825.5786603096,80895.25537614651,78977.01251855148,77177.33313417464,75484.08534221421,73821.95844381183,72362.83574957248,71075.46590462972,69922.87442523355,68985.93135105235,68258.4713057922,67727.25500415491,67409.76175603812,67308.1426575616,67421.6388922731,67738.82583908761,68259.1537884895,68976.57215751497,69904.18615889813,71006.05863776877,72275.50039581483,73739.78671409698,75359.85650686346,77113.46280248156,79025.44479486703
T46000logg4.4,83930.48078406481,81824.94954679579,79857.60268153818,77978.00467055748,76134.40609508958,74481.75781019997,72977.00072645981,71556.16327035769,70346.63039685166,69327.6731412842,68475.8138186271,67837.65083786102,67415.43979922558,67209.77727074648,67202.64581649401,67411.05089329337,67823.0663042519,68442.54395313887,69244.55404603032,70220.2638709038,71394.13305145953,72730.04078859012,74206.78006262802,75847.62119420571,77640.17152972089,79542.41662472123,81570.00288374138
T47000logg4.2,86950.16680901371,85116.89232267646,83284.76548731902,81416.5374782704,79526.66880294151,77748.97314151612,76067.7599347383,74415.1886533,72953.39221381332,71658.92946399387,70497.60979918735,69543.10125426322,68796.56181155726,68247.08475177309,67907.2729397606,67786.10465345846,67878.80518115104,68178.21695512685,68680.24753601744,69376.62703477943,70286.06717616906,71373.74841206714,72629.48683932704,74076.76032064119,75692.52214481682,77442.44259946549,79344.65850229132
T47000logg4.4,82355.74362641328,80826.45910763566,79342.24136843832,77897.92192255052,76424.48587932847,75095.12636054093,73878.15907075263,72734.168107018,71759.61006849496,70950.27102299817,70294.84174918913,69820.5513637995,69539.97662351414,69456.12701695315,69556.60335198989,69853.79617364332,70335.25223352855,71018.18158122343,71870.58327924492,72884.3618615695,74080.88474061184,75442.27226338406,76936.60232537756,78580.4034963068,80384.58642575625,82295.43502147746,84317.33327219647
T48000logg4.2,86871.26864921712,85114.00954322128,83348.65930583204,81535.87168262522,79706.31358793836,77978.74674972835,76343.33316373324,74731.44277822577,73307.77839524962,72046.34444066818,70912.45868172919,69983.07492629108,69256.2567245806,68720.84825844433,68394.39137327363,68282.46379594515,68381.24943384899,68685.70320564514,69189.85290861661,69887.22291198102,70797.36039133178,71882.72120339195,73136.6734744011,74585.71968519672,76197.50341245414,77945.29049764393,79849.07127679087
T49000logg4.4,89399.65210711442,87768.62674915859,86149.38543256347,84534.60257937718,82881.87571340658,81362.84608853795,79950.29159037533,78592.33176027893,77413.409022565,76400.42699505236,75532.17291621496,74852.9017037729,74370.46104245678,74085.56274627463,73986.3571498822,74092.1015666886,74392.14817138956,74888.02142394033,75559.41521195772,76399.87699902165,77432.23225359007,78624.14618921874,79959.13518736935,81459.32121749237,83113.14958154643,84880.43645108728,86776.58191679385
T50000logg4.4,80193.60100034295,79095.37015660251,78009.04433956367,76937.31796506839,75831.7417675231,74829.62096451163,73911.26752220705,73051.10381041712,72326.99084458327,71737.86462864239,71278.28158416016,70972.84817768703,70830.74141573769,70857.63352670698,71051.63277906606,71417.02816674135,71947.70621781341,72663.23514958989,73532.34780534486,74549.97370915646,75740.04049970285,77085.40488686918,78556.56830230996,80170.48346595238,81944.52561786237,83819.29161017615,85804.07572040075
