,vsini60,vsini85,vsini110,vsini135,vsini160,vsini185,vsini210,vsini235,vsini260
T15000logg2.0,8.79176100718918,5.989351897605166,4.308292220757181,3.3659588929652995,2.953543044449796,2.891478847779023,3.0510264037105266,3.3344242353495424,3.676037653980957
T15000logg2.2,9.168662126658,6.468022964343394,4.800854094529895,3.816671382041139,3.330031832412905,3.1783319655890154,3.241476400476388,3.4304745964324552,3.684111501007858
T15000logg2.4,10.570180970407568,8.024866847232,6.429110658795688,5.460090970791035,4.948652535738591,4.74574000451469,4.740116675889854,4.851894646388617,5.025506828061207
T15000logg2.6,12.320135350635807,10.085015700917292,8.670109373607778,7.800021094364279,7.328828808192589,7.125633613947332,7.091734889586399,7.157424793800863,7.274434275286843
T15000logg2.8,15.785726766850049,13.592800593394474,12.193274921214744,11.317084745444236,10.82202720420669,10.581321404486141,10.498546652691067,10.507760490885643,10.562420420792789
T16000logg2.0,10.022524797886541,6.988621141263448,5.245698979248459,4.326724099539453,3.976091645482468,3.986207783089255,4.216617849308371,4.562069573563659,4.95459140558814
T16000logg2.2,10.49679942830067,7.0525012788376475,4.9575192052407315,3.7325834083200475,3.1273545561549,2.9289146814886613,2.9858306680036804,3.190363226331293,3.4687258102129785
T16000logg2.4,11.097482001962357,7.938261805650565,5.973443648777817,4.786757738560206,4.161450975010026,3.908798129915381,3.8914401566721217,4.013795780622736,4.2092241240211745
T16000logg2.6,12.756254335824144,9.810170272946984,7.951345164409995,6.805511716287771,6.176469810884093,5.890569473161247,5.820042594467781,5.878274090551461,6.004050859191512
T16000logg2.8,14.869033482550753,12.210686501843972,10.516221317005067,9.459306273719173,8.866890084858298,8.582106675732504,8.488234042100306,8.507293530227813,8.58383783004378
T16000logg3.0,17.564838063037943,15.185944906191741,13.658613761871669,12.698882259872468,12.154207572797878,11.883235043892128,11.779827997557856,11.773739004266213,11.814574411046292
T17000logg2.2,10.284073814996484,6.831735724995538,4.784777556311589,3.6350379106696797,3.113690966113158,2.996083979095133,3.1267668760472573,3.3945734210470224,3.7260232636436323
T17000logg2.4,11.381237128675105,7.789371223617472,5.5827394022345445,4.267288866525968,3.5869571368078788,3.3226762302071364,3.3184701362670377,3.467092682622824,3.69413720451888
T17000logg2.6,13.091180113037192,9.573430121023739,7.366787279738048,6.010533380503401,5.265598276765168,4.923310936129708,4.8326047132530645,4.893060093983183,5.033238489255812
T17000logg2.8,14.762777803409572,11.575507734460018,9.545155050403253,8.276574103172054,7.561131030278553,7.210412206464935,7.086061667599521,7.097815897758855,7.180687570815481
T17000logg3.0,17.120995010423204,14.242781590011983,12.384996053330802,11.208530707353066,10.531709019347037,10.184709942389025,10.04084098468619,10.018444321320413,10.057706167678282
T17000logg3.2,19.554910050230987,17.075099814468935,15.461341014522995,14.434110267948055,13.840845747313411,13.5342904374299,13.402857510728708,13.374111629171951,13.394446351707929
T18000logg2.2,9.564904911481104,6.541885205549839,4.8252101865491275,3.935442563354683,3.6123664664135533,3.643440272492043,3.8863972844623893,4.236544122198044,4.628634049986246
T18000logg2.4,10.205944539297548,6.790913610632567,4.750356976482082,3.5841561731460514,3.0326467419182026,2.877731173993214,2.9669217901014364,3.192725196283879,3.483966449875714
T18000logg2.6,12.211684031909636,8.588821495037845,6.347581760778239,4.995351860749813,4.277166125381829,3.9733643726369845,3.927229547992259,4.033496793426641,4.21855382133347
T18000logg2.8,14.20438509509561,10.687497325424129,8.465920697384325,7.089006272999191,6.32091127953177,5.952417393263114,5.831889873399988,5.860637849638594,5.967804542639858
T18000logg3.0,16.506687696642725,13.215837061105775,11.101153643407802,9.765523621141012,8.997881575462538,8.604011386284256,8.440876360707097,8.417325193153832,8.466306771641035
T18000logg3.2,19.103974140445363,16.08166729191308,14.114365702327728,12.855503379917343,12.119043853034098,11.727348025454425,11.547365100068502,11.495027157548169,11.507111670802828
T19000logg2.4,9.155779168661988,6.047393207598615,4.2500380341078134,3.2810249111104866,2.8857827771657485,2.8536763056533925,3.0405000893276357,3.3421380470536954,3.6929821081294794
T19000logg2.6,10.817497762654355,7.363492129934874,5.275137281534937,4.056819535077252,3.4524244853321786,3.2456921805348897,3.2842296196189795,3.46275666283311,3.710169826601011
T19000logg2.8,12.681410763279864,9.2048191315779,7.047591136701774,5.741238762175771,5.0423658267023,4.73958240626679,4.6816876247759796,4.768134269332804,4.928708085819109
T19000logg3.0,15.166487729599645,11.729837745190416,9.548354434983354,8.18928861802138,7.424843671821912,7.050006832356211,6.915655872584464,6.9258244032217995,7.01103430289879
T19000logg3.2,17.661736309172962,14.416343220953578,12.319402287208398,10.988198148792932,10.218289855920341,9.817949959235243,9.645129521630173,9.609915019059224,9.645157986895265
T19000logg3.4,21.04322639433606,17.997998471028257,15.990803640913882,14.688523695451478,13.911074176104032,13.48106917582694,13.264346062813047,13.177937641947402,13.157421082320791
T20000logg2.4,8.21138899597501,5.542126527274725,4.0671526363805555,3.336747619336174,3.115627773529981,3.212301463389976,3.4962862509409884,3.8692519297893546,4.272666047246741
T20000logg2.6,9.139579650643052,6.070377661984301,4.277982445477986,3.2906752930173284,2.864132411544703,2.7947579177816357,2.9411793356418,3.202741850795688,3.5155292647776646
T20000logg2.8,11.008865812438962,7.7443814348468,5.765849408773964,4.6072843550044835,4.028047621853365,3.823397762540219,3.8483792186719947,4.004015242020503,4.223713587047374
T20000logg3.0,13.150464746752345,9.873052560012061,7.833924947392286,6.596514539059164,5.93302143902778,5.643468596799763,5.583914956032139,5.6591331131366225,5.802522808469242
T20000logg3.2,15.434993002326836,12.253007535969475,10.231276269303088,8.974498225905984,8.273041990459184,7.935599836612756,7.822209325724195,7.842165423489757,7.9296544276392416
T20000logg3.4,18.63887985741428,15.598896523171064,13.621008398400226,12.358303970644458,11.623823771473724,11.238002158539325,11.066598977060151,11.02490986543683,11.048627825667744
T20000logg3.6,20.994415492495737,18.137706253570567,16.257276063333805,15.042826985444034,14.326653042593136,13.9414909562027,13.76012046085125,13.70256522401127,13.70647042767257
T21000logg2.6,8.11167815855693,5.33648593482041,3.767004922364351,2.949475850303985,2.650599011566597,2.6796343804381193,2.904539145229011,3.2276639272564247,3.589305909434107
T21000logg2.8,9.43913728552313,6.465921714152486,4.7157196255913165,3.7362958179683425,3.2957293976804842,3.2001236985203874,3.3132462844068167,3.5390584998360226,3.8158312312177625
T21000logg3.0,11.340891787229783,8.298509573452481,6.4485607336332444,5.362329795556828,4.81792996610638,4.624430047828944,4.645352036866331,4.787492659051792,4.987974006819316
T21000logg3.2,13.289163061932541,10.30644578963925,8.450802816806407,7.328846260634779,6.73427227444762,6.483648828375988,6.443885495261334,6.526090455439492,6.668095488264875
T21000logg3.4,16.053589622765607,13.162177935403523,11.317644781482946,10.168810681322089,9.5283412348234,9.222064346579888,9.121177810253526,9.141751108231738,9.222255954078639
T21000logg3.6,18.12854605885609,15.35278583635124,13.554439340555671,12.416608749756355,11.768665490783572,11.445098881607535,11.32138362202504,11.317043985728091,11.371275690362566
T22000logg2.6,8.053076226121547,5.363099891287305,3.8679572396234474,3.110226953220318,2.8615808889964747,2.9370778150983363,3.206336373416543,3.5686228083465554,3.96329634774139
T22000logg2.8,8.404642321023973,5.631864910532983,4.0405845125787225,3.1862712765628736,2.8436202356596936,2.827382580470698,3.007001509127521,3.2871587597989524,3.608751495693339
T22000logg3.0,9.945151162973993,7.104797436218436,5.420847785882932,4.4678632252011,4.028505771355392,3.919470767093688,4.010244939055716,4.209176556235995,4.456844316689793
T22000logg3.2,11.629950981501674,8.84367781068492,7.1499565785015085,6.158596017431745,5.666971283555657,5.499160837181672,5.528485844967291,5.667904594316884,5.8586893005582725
T22000logg3.4,13.904702992979914,11.184375730068634,9.48792682961693,8.463399350683705,7.924517187239784,7.703068435878663,7.675893133848668,7.759980101743079,7.896719287414741
T22000logg3.6,15.593689139307182,12.993785810096371,11.342327658722288,10.324877596857787,9.77305040186289,9.52812180988942,9.471856285528641,9.52531865853287,9.631162381335747
T22000logg3.8,18.841269173011778,16.40961589429988,14.83009188195139,13.833844198150485,13.273746631722318,13.003321920513441,12.911151907712602,12.924072159731242,12.98641063681969
T23000logg2.6,8.899838301922602,5.980574263394392,4.329013539505934,3.4696403656294077,3.1607810820370874,3.2048892370349322,3.462509617701332,3.8253370024843365,4.225330705305967
T23000logg2.8,8.179575547513693,5.413182062511086,3.840257680513963,3.0080300770975286,2.6900661330174453,2.7016837335384927,2.911512930995448,3.2208120598431735,3.56865871929843
T23000logg3.0,8.979814904743062,6.277852909572265,4.706003768512311,3.84301419201434,3.4755546330205984,3.426366160034359,3.568716306479239,3.810931512054835,4.095110107774065
T23000logg3.2,10.617389106798255,7.936194588717961,6.335143436496852,5.421669004745118,4.994172696564713,4.880516783527438,4.956634639813567,5.135396366628259,5.359536574799502
T23000logg3.4,12.118105490348372,9.576867003277894,8.029665293922726,7.12682018942011,6.685374659126792,6.543782829726645,6.584209970770691,6.7247431169518,6.909877404583245
T23000logg3.6,14.156162977910059,11.659147445672414,10.100239721219474,9.161210389798022,8.673422995864929,8.481998788863132,8.472276939383386,8.56584272323346,8.707105615483862
T23000logg3.8,16.1977043133196,13.92896337532594,12.488335304346197,11.607847455921878,11.141496221770105,10.948794562080987,10.924035444529565,10.995284850900356,11.109959320919971
T23000logg4.0,18.845313478977744,16.712801905543575,15.331631128551363,14.468902221592517,13.996474079298046,13.784266225461815,13.732426651836485,13.773771748620783,13.857293170588601
T24000logg2.8,8.365616655333241,5.531157360877712,3.925821504861948,3.0787881021560524,2.7587733278530364,2.7779843433785327,3.002264061646729,3.328330430336282,3.692342523024965
T24000logg3.0,8.470997157861719,5.7917847905356235,4.253955714236137,3.4256948942659164,3.0921264636001218,3.0769227451952297,3.2531790154866633,3.5264980610706655,3.8381458683299208
T24000logg3.2,9.471234916510705,6.9319934631877125,5.445544415825666,4.624163971516493,4.270461832389614,4.218260950449298,4.347258638500796,4.570227010862832,4.831508792627793
T24000logg3.4,11.095337409886124,8.646206734221845,7.1831849709778846,6.352501363481388,5.971290089441491,5.880432644449559,5.963944587308572,6.139889364607373,6.354526671646531
T24000logg3.6,12.391901499827899,10.08119060240187,8.672042051210845,7.852659064202033,7.458744845710166,7.342702319450777,7.395619304641304,7.5406411380441405,7.725492463769466
T24000logg3.8,18.12854605885609,15.35278583635124,13.554439340555671,12.416608749756355,11.768665490783572,11.445098881607535,11.32138362202504,11.317043985728091,11.371275690362566
T24000logg4.0,16.900869020109333,14.848570509017359,13.541815357176455,12.743678500338614,12.325083244035362,12.158812394249896,12.147839919424559,12.225126095948408,12.341248688790666
T24000logg4.2,19.725888525911675,17.78610848066452,16.525507387075724,15.737741468330023,15.308605371565546,15.119614994366714,15.078925622327727,15.124117654086106,15.207319731558195
T25000logg2.8,9.420632746737462,6.26376006862944,4.439759398597529,3.446131335078469,3.034442479151051,2.9990148182424408,3.1932173700086337,3.504530084580877,3.8613833608618804
T25000logg3.0,8.65795674928682,5.8324083930465624,4.212461897796515,3.3367954143684218,2.9796594423706244,2.9571646474017754,3.1369578300017342,3.4189385620044077,3.740568244028816
T25000logg3.2,9.058359763066546,6.489451749939736,4.997696837360545,4.1814697907600324,3.839766281293126,3.80481745434874,3.9543464117597362,4.19787149339187,4.478317925275025
T25000logg3.4,10.314071834301595,7.89092716294428,6.458051805350842,5.656632972533541,5.303525009095832,5.24130469310149,5.354052868217672,5.55756284647943,5.797383028401761
T25000logg3.6,11.579212322032161,9.356207978899391,8.020297845842155,7.2609857914230815,6.915649819475391,6.840080659733642,6.927442201019844,7.10076919200895,7.308930742573361
T25000logg3.8,12.734554530973599,10.687187426712708,9.442718701117442,8.729446256128966,8.402314935222483,8.328396925174882,8.408164220748677,8.569596435023419,8.76372854556026
T25000logg4.0,14.953979538047193,13.055626353174734,11.874175559335239,11.177222007799717,10.838373740681305,10.736361045080736,10.779209628342587,10.901278323451445,11.056009234367163
T25000logg4.2,16.759673985993675,14.998718512207105,13.885398737805312,13.218386745729715,12.88610853442156,12.776790609459102,12.804703412181894,12.90890250488871,13.044780370229711
T25000logg4.4,19.422971160157097,17.752039335027305,16.67370607330245,16.011624553567334,15.666946485764019,15.53564030512619,15.536353761875079,15.61194070820013,15.719065030294386
T26000logg3.0,9.261751716277411,6.1992692593781955,4.421859381401698,3.4409876673105417,3.0179106129122273,2.9553817252117556,3.1121211569474676,3.3814234806694476,3.6957372331407337
T26000logg3.2,9.057275690425291,6.374743288191585,4.817196726366633,3.962983910003886,3.6021468754242587,3.560005711326078,3.709831755149864,3.9571468545162873,4.242366998815112
T26000logg3.4,9.715260256602196,7.295622419827332,5.876988531430749,5.0933333271347845,4.759654371075581,4.718230270111517,4.852655760128634,5.076494726306052,5.3345196906090875
T26000logg3.6,10.736149079372609,8.543437299006962,7.241408606489472,6.514480664478108,6.19972172092562,6.153686938423146,6.269265690225231,6.467659284440951,6.697636320926164
T26000logg3.8,11.757147713275517,9.774560457192171,8.584667862460964,7.916953183074596,7.6280546945735095,7.58747269470648,7.697098203476716,7.884253141818677,8.100539091959554
T26000logg4.0,13.254926169282001,11.457833372062966,10.36310021015244,9.740105838299554,9.463797030559691,9.416143746444883,9.507509027383227,9.671771167565359,9.863703846140815
T26000logg4.2,15.84151113484464,14.121444627026305,13.048272244728802,12.418114594281557,12.118650779317914,12.039261310838635,12.094936711315318,12.223822578133294,12.38143259350911
T26000logg4.4,16.84786103652367,15.331219920488955,14.377538045452576,13.818130294590556,13.55650226958553,13.493802723384112,13.553633804881812,13.679912814353507,13.831773065593381
T27000logg3.0,9.836308176073194,6.562193260087392,4.654843268866894,3.5920321038808134,3.1218055755554066,3.034156845476994,3.1800824277362936,3.4460875253996677,3.7602810268530713
T27000logg3.2,9.384330760013668,6.479591032499828,4.784462839612168,3.842957514594262,3.4300870366742506,3.3585455765070344,3.493552889846805,3.7343845712114643,4.017227820847866
T27000logg3.4,9.69033826002252,7.151184255334195,5.664163514715145,4.841479202549112,4.488084206662401,4.4385885438728705,4.571752093747339,4.797261383138658,5.057547222722069
T27000logg3.6,10.480357581972322,8.238445975959637,6.91535011726765,6.182579547300182,5.871230914652588,5.834171805579248,5.961728321646598,6.172227238684137,6.4127854227368335
T27000logg3.8,11.361609959000234,9.33951968227427,8.135854390198531,7.467100114541222,7.184681558720884,7.155094959031752,7.277704062921533,7.477314964032746,7.7045059635787565
T27000logg4.0,12.617165543806292,10.851005245372447,9.788102771251777,9.194446008939753,8.94457030495172,8.921184060638614,9.034630126626775,9.217589182389087,9.424867990888984
T27000logg4.2,14.154381698512466,12.51416448061124,11.514238711178661,10.948268128226832,10.703790338313162,10.672367618147986,10.770626253121298,10.936141923281852,11.125816684040515
T27000logg4.4,16.345656085561128,14.865904667217622,13.947133509790556,13.416993850848783,13.179392969867063,13.137229308791147,13.214724368409751,13.355362747210973,13.51873261057748
T28000logg3.0,9.612375577823798,6.447529541507433,4.608123061593832,3.590516564257305,3.152905647212095,3.0909805526266476,3.2598279537782857,3.546343428734418,3.8793085810177588
T28000logg3.2,9.314803751919579,6.301360531999202,4.557921545168623,3.5969391873112007,3.182586326762797,3.118728119525818,3.2664481519073774,3.520578469074213,3.815619260549281
T28000logg3.4,9.483453329740088,6.816931493886472,5.26201257039207,4.403917292727161,4.036055674072888,3.983957330846172,4.121365943215281,4.353657137246669,4.621237712641406
T28000logg3.6,10.034046496603576,7.733220984692515,6.386786325637533,5.649412863712541,5.344788585243958,5.320158348535236,5.462546415168984,5.6869144012493695,5.939257369350257
T28000logg3.8,10.724790387273226,8.688241212547913,7.486337659466467,6.82691633454267,6.5579745066510045,6.543704216201818,6.681980807138278,6.895638688521219,7.134888188111839
T28000logg4.0,11.995204040873862,10.2206457300761,9.162206143318517,8.579380924378071,8.343881805771593,8.336766664747099,8.467101585025336,8.665676147260678,8.886658417695125
T28000logg4.2,13.68434086757546,12.080249816468521,11.111463662814776,10.572085847727804,10.350215445920194,10.338475452937155,10.453663373334587,10.632523180426233,10.832076214616194
T28000logg4.4,15.647075395186413,14.216551362857935,13.339589917512017,12.844972435827023,12.637062261210179,12.620229283219258,12.719470349236659,12.877824867802865,13.055396815577035
T29000logg3.2,9.212218417926707,6.158421011115183,4.383676561670483,3.3993530469235136,2.9703410523078366,2.899157119442417,3.0461130273625,3.3042576679461133,3.606720564130193
T29000logg3.4,9.707075799494833,6.818326280137093,5.127544282140266,4.18384402638818,3.7651905595151662,3.683961241983022,3.80575564712886,4.030189482757172,4.294173994930605
T29000logg3.6,9.785868346392643,7.3429996965455535,5.916194633324863,5.133696074618118,4.80737372336309,4.774899179793967,4.9177611309280325,5.1465643631154565,5.404995333818851
T29000logg3.8,10.433892592520586,8.302450733778509,7.04809360458485,6.360696955047687,6.079941778446248,6.063384622754202,6.204758403487282,6.423446599246376,6.667914454582953
T29000logg4.0,11.513123569856411,9.706385062303852,8.637658001170234,8.055659549098255,7.827572839679949,7.831106227743733,7.973039945334545,8.181872860178473,8.411074033217561
T29000logg4.2,12.779682790069884,11.190231780403993,10.243033637724418,9.727299360257343,9.529807343775666,9.542389925348182,9.681017045333176,9.88059946540937,10.097951647513405
T29000logg4.4,14.103896070228574,12.694240664738498,11.844748390190853,11.379452230432356,11.20101895349363,11.213223833926328,11.34077270030467,11.52513601937689,11.726460235010968
T30000logg3.2,7.7142825350334565,5.223994528147383,3.788861137749413,3.01669508122025,2.7177980934020787,2.727922021903634,2.9297912494978133,3.228560940872109,3.5653370574912815
T30000logg3.4,9.085133134713905,6.24637710518867,4.596176269538731,3.684660281695113,3.2918800790746245,3.2319395266329196,3.372964902848038,3.6148583690133576,3.8955411437221557
T30000logg3.6,9.738509970132128,7.116437581754591,5.584403613812522,4.738360244992176,4.376299611875827,4.324747875435244,4.458631415378275,4.68394074015174,4.941865780672106
T30000logg3.8,10.249018496800092,8.005806017906252,6.685362445736972,5.959645275668636,5.659171266054681,5.6336137669969615,5.771985082923254,5.990310600596287,6.23540844649919
T30000logg4.0,10.925448731695699,9.065593733477833,7.975730817426528,7.3901463788295105,7.169681603319961,7.186857922793756,7.345342154105738,7.570319702055057,7.813984219899305
T30000logg4.2,12.542331870860949,10.87721127176531,9.887521288113886,9.348526938822967,9.140692937281097,9.150663609794956,9.290788286066006,9.493050468063753,9.712728078607558
T30000logg4.4,13.443115436659985,12.011031868921865,11.15655973926123,10.69539740141571,10.526770298419036,10.5518803965819,10.693345110476244,10.89043862392884,11.10266304630728
T31000logg3.2,6.6692010196481295,4.885365639896441,3.8448075103958694,3.295261801902579,3.110051740843227,3.1707454854013077,3.390694666709234,3.694887301550042,4.034893357934397
T31000logg3.4,7.217177985862231,4.922929980117601,3.611972792488312,2.9201434186716724,2.6673846678123057,2.6984217647237965,2.903031109047191,3.192970867810263,3.5146118032954616
T31000logg3.6,9.037740579887966,6.461358396417652,4.965768731545274,4.148759292755414,3.809665661105814,3.7763958703501395,3.9263028007155207,4.1660700167217675,4.438157962975843
T31000logg3.8,9.627033877042605,7.328305401193406,5.982439931438605,5.248304694828018,4.950095409699494,4.932437495000655,5.0820828445818185,5.312746926301331,5.570591444632859
T31000logg4.0,9.992581283054896,8.06132357524357,6.935850738842897,6.336889708262052,6.117443030065916,6.143758989030167,6.316303558368685,6.557384661897931,6.818207336821423
T31000logg4.2,11.43025221733053,9.761450678371608,8.779827677617247,8.256083818017292,8.067900348917153,8.099150007536684,8.261056989820139,8.483677616060728,8.722075060799865
T31000logg4.4,13.095910842576686,11.610751233083855,10.729873152717834,10.25770673187059,10.088499108377855,10.119089193701152,10.268916671453068,10.47448163045056,10.693985933173725
T32000logg3.4,5.9432734525443855,4.253497537458625,3.291338438581227,2.8037614107073576,2.6621750197567033,2.749518074417929,2.981436400357169,3.285898978439937,3.6188362758210477
T32000logg3.6,6.960480105932718,4.9258279457429595,3.7731078902280046,3.1820325338232407,2.9890509652209696,3.0514839462288124,3.268231864878059,3.5580018598113075,3.8722695190153593
T32000logg3.8,8.576890791715526,6.402579536057217,5.145296199025266,4.476534153401045,4.226204950851347,4.243994734615032,4.421751049664572,4.67547261300805,4.953850455386049
T32000logg4.0,9.143630000874577,7.211451454265021,6.09538892831355,5.511313698030943,5.308887100323775,5.352058570577739,5.541076691171186,5.7974515839177,6.072875457014025
T32000logg4.2,10.592835983169456,8.871327752058008,7.864591132831665,7.332891798344488,7.147448018744602,7.187236229080191,7.361018963466314,7.596582326372267,7.848348738084396
T32000logg4.4,11.74633222760973,10.254036075965638,9.380114454712363,8.9234125610844,8.774583319943337,8.827750114298459,9.001270717632833,9.22965685122275,9.470943739368153
T33000logg3.4,5.740769937919292,4.409244098565344,3.6308036304784337,3.229985229354333,3.1149234859569463,3.1955618037585922,3.405252663740487,3.684363394563682,3.9949312119284426
T33000logg3.6,5.63512399251965,4.124174077344179,3.280951126437829,2.87554005091661,2.7865312549774943,2.9037128490534867,3.148609376433417,3.45414342635074,3.7806627892315956
T33000logg3.8,6.709248144471306,5.0133941877802375,4.064106165114526,3.5996077745932897,3.4804050379501064,3.58192640622555,3.8157261468572465,4.109216736523429,4.4197845905941096
T33000logg4.0,7.687876509201821,5.9625116208311555,4.989118090377005,4.507586137084815,4.377778914406809,4.4729487528233065,4.701570579185654,4.989359933988907,5.292098884377624
T33000logg4.2,9.381233219356314,7.716308351101871,6.755860014885525,6.264244972507756,6.1129989605884925,6.18174169216289,6.381141972426688,6.639392448543353,6.912309645446046
T33000logg4.4,10.31789911352862,8.859911601071138,8.01779540226415,7.591729851808986,7.471521784599112,7.550882066124459,7.749086844636275,8.000118341519746,8.262769533344857
T34000logg3.4,5.783653940526271,4.747217648140607,4.123052804795966,3.793090682433134,3.6941317062201664,3.760185884595907,3.9407752574821564,4.187612004587499,4.468452245121282
T34000logg3.6,5.312703376015886,4.109794134421166,3.4366562474900566,3.119441310554631,3.0651543526209024,3.18598952048794,3.418933380134761,3.70759291115294,4.018222047913336
T34000logg3.8,5.56226404069597,4.276246826369693,3.575238453983187,3.262406334838393,3.229011448400078,3.3756531945195554,3.6320681254331593,3.9373632311063034,4.256580435440619
T34000logg4.0,6.100711891636797,4.734088219737845,3.990950132583053,3.661957648334368,3.629731020224895,3.786858105217277,4.056888685480869,4.374494519180908,4.702266319524651
T34000logg4.2,7.55079005691834,6.157068942174436,5.380821967889548,5.019782817442589,4.95937386431325,5.091890857246466,5.338884589678659,5.634425231835231,5.939673458324833
T34000logg4.4,8.890605398434507,7.603029808441348,6.87940496041556,6.540729813319335,6.484658056680549,6.611549431063686,6.846946830644122,7.127946455356227,7.4166970168777855
T35000logg3.4,6.0146366563777915,5.094007583670579,4.5141184770908485,4.1890264763424305,4.071987873237338,4.109671165748489,4.258808594341766,4.476721865474383,4.733245771256113
T35000logg3.6,5.344295687076743,4.327802264917942,3.749616319679026,3.472396059374581,3.422608558752445,3.5283912471121037,3.7373015295763063,4.00057578238259,4.2883018992981725
T35000logg3.8,5.249481132824033,4.199833329993182,3.631523887745918,3.388555719006473,3.3830722298490747,3.532991509485577,3.780235062461371,4.0723323106930005,4.379095510419675
T35000logg4.0,5.299133358903456,4.2120216550447305,3.637252789172729,3.4094848630476573,3.4321597418213896,3.615331502446827,3.8956768497955934,4.216594082674171,4.546364052452919
T35000logg4.2,6.320526141071535,5.234549628060522,4.653506607922643,4.419449186437837,4.437286296397074,4.6161875978425755,4.891122932061043,5.204676317114394,5.5242435944326465
T35000logg4.4,7.125543924876579,6.083300723071955,5.525082498252062,5.302816187101592,5.326541155940492,5.508358993800227,5.784095977724916,6.096677046197141,6.413244205486919
T36000logg3.6,5.511144310360031,4.650956578429027,4.1444044291663715,3.889162984512526,3.830382492251372,3.9113294645954344,4.0889076673416955,4.321201899669449,4.58148293595582
T36000logg3.8,5.167817130099835,4.277263724378701,3.7946363358874464,3.5917932856067583,3.5961715135516736,3.738535858487788,3.969605402920659,4.243292497238338,4.533020634208733
T36000logg4.0,4.99793580164826,4.0883599238957125,3.6143890412061612,3.440117376407186,3.484064798420567,3.6693213492232837,3.941927912680534,4.251888952207417,4.571360306183973
T36000logg4.2,5.400480045667713,4.507686436209393,4.048239274312837,3.8908487720797647,3.953003589253152,4.155786696694143,4.443510408653599,4.764837479170606,5.091405466419134
T36000logg4.4,6.027190818308153,5.189646327836472,4.7636450944140565,4.628321251115392,4.7056614345406995,4.919135458756874,5.214044938619528,5.539483552433114,5.867171359079216
T37000logg3.6,5.609448268735593,4.927911510746608,4.515188855954942,4.3008844957465024,4.247831304704995,4.314628729435886,4.468253259013132,4.674408307560544,4.910258590081764
T37000logg3.8,5.235238876741974,4.47744900613764,4.063058622861863,3.8880338105489365,3.893545549498721,4.022407133829489,4.23326976294753,4.48569834499002,4.755982979439758
T37000logg4.0,5.041038894233885,4.255923491455992,3.846366576881102,3.6988055170021097,3.744314845280391,3.9169445382685892,4.170093801832088,4.459171458442951,4.759228676536449
T37000logg4.2,4.996775710817573,4.2564356270841195,3.8906181368629578,3.7874696876621843,3.875346407821516,4.0856998958292765,4.3708672574191665,4.685226801380644,5.004249746381682
T37000logg4.4,5.417277082793969,4.730661998133701,4.400728505740076,4.325013363973813,4.434678760410043,4.662491698893265,4.961460670496097,5.286137520784324,5.612144335273084
T38000logg3.6,6.122192890666481,5.583952663451033,5.224536155701304,5.0117571197258854,4.928916266675934,4.951112423837408,5.05463710141028,5.213180141485807,5.406733784401811
T38000logg3.8,5.291394741432679,4.704056269726752,4.3819924845974585,4.249284241838355,4.263238196598419,4.380867215772315,4.570408291597704,4.798628916598135,5.045669128809876
T38000logg4.0,5.0777609827141585,4.422601500672525,4.084779731170778,3.970351077864277,4.022279692113021,4.185558488793178,4.421225156794907,4.690336735973068,4.971145146968643
T38000logg4.2,5.0569131174539,4.428733756850613,4.127776640099104,4.057369013629537,4.1546944981618905,4.360094752817738,4.632595784218205,4.931637477609582,5.235610799493061
T38000logg4.4,5.151271920579128,4.5727912388283025,4.3091133146457175,4.271283090265174,4.397635981448686,4.628456164604759,4.92279268727416,5.239712738332347,5.557781281338703
T39000logg3.6,6.764361132496198,6.325619735170918,5.992520748597116,5.764487757432466,5.642665155244859,5.6154277345420125,5.666104646746251,5.775449509720107,5.925729301538944
T39000logg3.8,5.632604519828226,5.1532991770972485,4.874893020639925,4.747624757874292,4.743289580541597,4.830918506244365,4.985882940669886,5.180718028253515,5.39781511836024
T39000logg4.0,5.224918187419768,4.716783856942847,4.45686117083741,4.37516740930935,4.429182531154318,4.576856062607669,4.787936588964707,5.030142612713779,5.28521234593505
T39000logg4.2,5.145136115825037,4.629895846917131,4.3898617943102,4.34536766023173,4.444330884718979,4.637105650278374,4.889623364611106,5.166558939413915,5.449190690247579
T39000logg4.4,4.988056354896391,4.491206172364185,4.2726946287996785,4.25582094853019,4.3862613395146965,4.611330067585636,4.895068768020007,5.200149595997878,5.5071747706779055
T40000logg3.8,6.00222505268027,5.637250478413466,5.409769636786623,5.29352936839964,5.274380197966917,5.333243990008039,5.452848672571724,5.612474843535051,5.797302395679156
T40000logg4.0,5.493585089417051,5.111269746856192,4.915437063795943,4.8571906980180515,4.906934176617825,5.034406160360568,5.217229218754397,5.429551295745092,5.656238706992489
T40000logg4.2,5.308917288496435,4.912937886691223,4.7375043523741365,4.72072885747447,4.82165236629236,5.00103852320119,5.232106271893943,5.485206424572487,5.744657888281279
T41000logg3.8,6.534259119331212,6.2243524654655165,6.007882415203457,5.875925540772535,5.82491748351976,5.8443877138734805,5.922078406154191,6.04257476045741,6.192775765709058
T41000logg4.0,5.8760672976960935,5.595807359086424,5.446402592254944,5.398458226452152,5.434429526137759,5.534735009372363,5.683873053752324,5.862223186435875,6.057348644986889
T41000logg4.2,5.506081129967962,5.21293829351927,5.091066256154392,5.094594094881678,5.192801529505211,5.356038267678266,5.564088932364427,5.792707802021728,6.028847085127705
T41000logg4.4,5.299257978137217,5.015722670844485,4.920296563125404,4.9629853268704105,5.106595544271863,5.315770474396707,5.567369838696185,5.834208926080703,6.102621683176067
T42000logg3.8,7.103597757204372,6.840501205980128,6.6269260710046,6.472985222325083,6.3864809003951715,6.364818844406955,6.399872330639295,6.480864856808265,6.596219199218444
T42000logg4.0,6.326838180438713,6.108938053811693,5.977428141591395,5.920410781304263,5.931000948763089,5.99802345294773,6.11076075644992,6.254528939967413,6.418596015938003
T42000logg4.2,5.8243320599524235,5.610317542933053,5.5240257537806,5.534101398000196,5.619302349047825,5.758625269981369,5.937514275562798,6.136855937031861,6.345796898730738
T42000logg4.4,5.148776011601177,4.9263888528604625,4.873617673002087,4.94472862266963,5.104736347822352,5.321939573133162,5.576235480461562,5.8424821597796885,6.10857309157576
T43000logg4.0,6.669322025523591,6.500048485033371,6.3839688527580485,6.324660226222284,6.317751063199445,6.360961506865903,6.445814856667721,6.562844011644736,6.703420947110826
T43000logg4.2,6.106345769427024,5.962059949774297,5.907281617909511,5.923764952095217,5.996875304916188,6.114397036696041,6.26573726582967,6.437564107714046,6.622120665413957
T43000logg4.4,5.87462123400915,5.72605108312807,5.6962725077495096,5.75587148615789,5.882101947614997,6.053725628726678,6.257399268618252,6.474713843620616,6.696030406199798
T44000logg4.0,7.145175342951349,6.986095694422168,6.859891274953966,6.774737767059334,6.7372853128216965,6.7467247189504835,6.798342907404215,6.884458245467119,6.996897310592836
T44000logg4.2,6.672481869334812,6.564054748750031,6.5139277102486375,6.515048575168051,6.562147268692664,6.647703422816526,6.765440749384498,6.904922701616838,7.058649760474992
T44000logg4.4,6.282547230715476,6.1872254652353,6.17550122801345,6.229818004344999,6.335751492394035,6.479189850012487,6.651152263219087,6.837649973530458,7.030718573218638
T45000logg4.0,7.36912856606372,7.213461153270561,7.079644594231433,6.980905079436884,6.92713142526621,6.919384924211427,6.9539423269917595,7.024535049322902,7.123483481541888
T45000logg4.2,6.8733450966052905,6.783472558682752,6.733683353417044,6.723534517129566,6.752654466108669,6.817291249915533,6.913345404450358,7.032892898836221,7.169348373128665
T45000logg4.4,6.6277592784031505,6.563215156339024,6.559360673652281,6.605811257782702,6.6936181247717785,6.813460637228434,6.959334782832378,7.120591321717807,7.29053448305797
T46000logg4.0,7.608497354995357,7.443629040177749,7.294319596176028,7.176926920187508,7.103957859699602,7.077819177617794,7.095262424569437,7.150916223250485,7.237252920077846
T46000logg4.2,7.099739083574924,7.027807764544893,6.982392387389974,6.96756303853203,6.98618523063915,7.036882686086051,7.117100059249376,7.220917277519036,7.342699169195435
T46000logg4.4,6.845753269340028,6.793598622449471,6.787699832399732,6.822529574353332,6.8929789758113245,6.9928360044894475,7.117845329307018,7.259485598648065,7.411924669317773
T47000logg4.2,7.222480872781528,7.151394997425462,7.101009357279769,7.077783004700021,7.08636428538974,7.126504353945928,7.196277561875862,7.290632711908426,7.404211188616828
T47000logg4.4,7.062086973876212,7.02384514725781,7.0218012477213065,7.053388153712219,7.115674357899775,7.204342629039585,7.316525706830261,7.445445828928137,7.58586835935825
T48000logg4.2,7.342895561574597,7.26011015853548,7.194410334242356,7.1552656701511745,7.149201643925422,7.17656701075686,7.235350672539563,7.320798149255294,7.427388574103626
T48000logg4.4,7.318392861271845,7.284054860981616,7.272891662869594,7.287861387130804,7.330233742884822,7.39823197917882,7.490117352434715,7.600709266770287,7.725399812490022
T49000logg4.2,7.386995631105398,7.3209757455454705,7.269839625413948,7.241423968410209,7.241776043083208,7.271654838642987,7.329958415676313,7.412863857429829,7.5157803863857655
T49000logg4.4,7.0652192447641475,7.042639664426238,7.039846595389579,7.059958461503919,7.104671345126257,7.1731177441969125,7.2645224439200256,7.374535934032303,7.499183038112665
T50000logg4.2,7.436939364247145,7.354214405920192,7.284434911720282,7.238355366748239,7.224134678031658,7.2430509231381475,7.293551193951756,7.371509117622426,7.471763991962906
T50000logg4.4,7.381768873400229,7.347089876842873,7.329832631056582,7.335255523829633,7.366212894097683,7.4220102647679225,7.501597986005394,7.600798706066922,7.71540488113636
